file,type,line,depth,length,commit,author,date,time,timezone,datetime
contact/index.html,HTML,1,0,15,81f0841e82cc4e4f12c640cb3eb8acc077068341,Yohan Kwon,2026-04-03,11:20:57,-07:00,2026-04-03T11:20:57-07:00
contact/index.html,HTML,2,0,16,81f0841e82cc4e4f12c640cb3eb8acc077068341,Yohan Kwon,2026-04-03,11:20:57,-07:00,2026-04-03T11:20:57-07:00
contact/index.html,HTML,3,0,6,81f0841e82cc4e4f12c640cb3eb8acc077068341,Yohan Kwon,2026-04-03,11:20:57,-07:00,2026-04-03T11:20:57-07:00
contact/index.html,HTML,4,2,26,81f0841e82cc4e4f12c640cb3eb8acc077068341,Yohan Kwon,2026-04-03,11:20:57,-07:00,2026-04-03T11:20:57-07:00
contact/index.html,HTML,5,2,74,81f0841e82cc4e4f12c640cb3eb8acc077068341,Yohan Kwon,2026-04-03,11:20:57,-07:00,2026-04-03T11:20:57-07:00
contact/index.html,HTML,6,2,39,81f0841e82cc4e4f12c640cb3eb8acc077068341,Yohan Kwon,2026-04-03,11:20:57,-07:00,2026-04-03T11:20:57-07:00
contact/index.html,HTML,7,2,47,81f0841e82cc4e4f12c640cb3eb8acc077068341,Yohan Kwon,2026-04-03,11:20:57,-07:00,2026-04-03T11:20:57-07:00
contact/index.html,HTML,8,2,54,c3c8ceaeab99c28f3b36de3a22940fc48ec7debb,Yohan Kwon,2026-04-17,15:57:01,-07:00,2026-04-17T15:57:01-07:00
contact/index.html,HTML,9,0,7,81f0841e82cc4e4f12c640cb3eb8acc077068341,Yohan Kwon,2026-04-03,11:20:57,-07:00,2026-04-03T11:20:57-07:00
contact/index.html,HTML,10,0,6,81f0841e82cc4e4f12c640cb3eb8acc077068341,Yohan Kwon,2026-04-03,11:20:57,-07:00,2026-04-03T11:20:57-07:00
contact/index.html,HTML,11,2,20,81f0841e82cc4e4f12c640cb3eb8acc077068341,Yohan Kwon,2026-04-03,11:20:57,-07:00,2026-04-03T11:20:57-07:00
contact/index.html,HTML,12,2,42,cdf85253251970ea2cb1e6a8bf2a0a4aa5faf6cd,Yohan Kwon,2026-04-17,16:28:51,-07:00,2026-04-17T16:28:51-07:00
contact/index.html,HTML,13,4,22,013852ee6c23a362622d327470c5d0f8dacaa903,Yohan Kwon,2026-04-03,11:24:06,-07:00,2026-04-03T11:24:06-07:00
contact/index.html,HTML,14,6,34,013852ee6c23a362622d327470c5d0f8dacaa903,Yohan Kwon,2026-04-03,11:24:06,-07:00,2026-04-03T11:24:06-07:00
contact/index.html,HTML,15,4,16,013852ee6c23a362622d327470c5d0f8dacaa903,Yohan Kwon,2026-04-03,11:24:06,-07:00,2026-04-03T11:24:06-07:00
contact/index.html,HTML,16,4,22,013852ee6c23a362622d327470c5d0f8dacaa903,Yohan Kwon,2026-04-03,11:24:06,-07:00,2026-04-03T11:24:06-07:00
contact/index.html,HTML,17,6,45,013852ee6c23a362622d327470c5d0f8dacaa903,Yohan Kwon,2026-04-03,11:24:06,-07:00,2026-04-03T11:24:06-07:00
contact/index.html,HTML,18,4,16,013852ee6c23a362622d327470c5d0f8dacaa903,Yohan Kwon,2026-04-03,11:24:06,-07:00,2026-04-03T11:24:06-07:00
contact/index.html,HTML,19,4,31,013852ee6c23a362622d327470c5d0f8dacaa903,Yohan Kwon,2026-04-03,11:24:06,-07:00,2026-04-03T11:24:06-07:00
contact/index.html,HTML,20,2,11,013852ee6c23a362622d327470c5d0f8dacaa903,Yohan Kwon,2026-04-03,11:24:06,-07:00,2026-04-03T11:24:06-07:00
contact/index.html,HTML,21,0,7,81f0841e82cc4e4f12c640cb3eb8acc077068341,Yohan Kwon,2026-04-03,11:20:57,-07:00,2026-04-03T11:20:57-07:00
contact/index.html,HTML,22,0,7,81f0841e82cc4e4f12c640cb3eb8acc077068341,Yohan Kwon,2026-04-03,11:20:57,-07:00,2026-04-03T11:20:57-07:00
global.js,JS,1,0,28,c3c8ceaeab99c28f3b36de3a22940fc48ec7debb,Yohan Kwon,2026-04-17,15:57:01,-07:00,2026-04-17T15:57:01-07:00
global.js,JS,2,0,0,c3c8ceaeab99c28f3b36de3a22940fc48ec7debb,Yohan Kwon,2026-04-17,15:57:01,-07:00,2026-04-17T15:57:01-07:00
global.js,JS,3,0,43,c3c8ceaeab99c28f3b36de3a22940fc48ec7debb,Yohan Kwon,2026-04-17,15:57:01,-07:00,2026-04-17T15:57:01-07:00
global.js,JS,4,1,56,c3c8ceaeab99c28f3b36de3a22940fc48ec7debb,Yohan Kwon,2026-04-17,15:57:01,-07:00,2026-04-17T15:57:01-07:00
global.js,JS,5,0,1,c3c8ceaeab99c28f3b36de3a22940fc48ec7debb,Yohan Kwon,2026-04-17,15:57:01,-07:00,2026-04-17T15:57:01-07:00
global.js,JS,6,0,0,522283a12e8e7f0f05c1833eaa98d09f2a163503,Yohan Kwon,2026-04-17,16:04:10,-07:00,2026-04-17T16:04:10-07:00
global.js,JS,7,0,90,63af0d261464c9ce54eae1876013cdb6d8115b0b,Yohan Kwon,2026-04-17,16:10:44,-07:00,2026-04-17T16:10:44-07:00
global.js,JS,8,1,7,63af0d261464c9ce54eae1876013cdb6d8115b0b,Yohan Kwon,2026-04-17,16:10:44,-07:00,2026-04-17T16:10:44-07:00
global.js,JS,9,1,18,63af0d261464c9ce54eae1876013cdb6d8115b0b,Yohan Kwon,2026-04-17,16:10:44,-07:00,2026-04-17T16:10:44-07:00
global.js,JS,10,0,0,522283a12e8e7f0f05c1833eaa98d09f2a163503,Yohan Kwon,2026-04-17,16:04:10,-07:00,2026-04-17T16:04:10-07:00
global.js,JS,11,0,13,63af0d261464c9ce54eae1876013cdb6d8115b0b,Yohan Kwon,2026-04-17,16:10:44,-07:00,2026-04-17T16:10:44-07:00
global.js,JS,12,1,29,63af0d261464c9ce54eae1876013cdb6d8115b0b,Yohan Kwon,2026-04-17,16:10:44,-07:00,2026-04-17T16:10:44-07:00
global.js,JS,13,1,42,63af0d261464c9ce54eae1876013cdb6d8115b0b,Yohan Kwon,2026-04-17,16:10:44,-07:00,2026-04-17T16:10:44-07:00
global.js,JS,14,1,40,63af0d261464c9ce54eae1876013cdb6d8115b0b,Yohan Kwon,2026-04-17,16:10:44,-07:00,2026-04-17T16:10:44-07:00
global.js,JS,15,1,38,63af0d261464c9ce54eae1876013cdb6d8115b0b,Yohan Kwon,2026-04-17,16:10:44,-07:00,2026-04-17T16:10:44-07:00
global.js,JS,16,1,61,63af0d261464c9ce54eae1876013cdb6d8115b0b,Yohan Kwon,2026-04-17,16:10:44,-07:00,2026-04-17T16:10:44-07:00
global.js,JS,17,0,2,63af0d261464c9ce54eae1876013cdb6d8115b0b,Yohan Kwon,2026-04-17,16:10:44,-07:00,2026-04-17T16:10:44-07:00
global.js,JS,18,0,0,522283a12e8e7f0f05c1833eaa98d09f2a163503,Yohan Kwon,2026-04-17,16:04:10,-07:00,2026-04-17T16:04:10-07:00
global.js,JS,19,0,40,63af0d261464c9ce54eae1876013cdb6d8115b0b,Yohan Kwon,2026-04-17,16:10:44,-07:00,2026-04-17T16:10:44-07:00
global.js,JS,20,0,27,63af0d261464c9ce54eae1876013cdb6d8115b0b,Yohan Kwon,2026-04-17,16:10:44,-07:00,2026-04-17T16:10:44-07:00
global.js,JS,21,0,0,63af0d261464c9ce54eae1876013cdb6d8115b0b,Yohan Kwon,2026-04-17,16:10:44,-07:00,2026-04-17T16:10:44-07:00
global.js,JS,22,0,22,63af0d261464c9ce54eae1876013cdb6d8115b0b,Yohan Kwon,2026-04-17,16:10:44,-07:00,2026-04-17T16:10:44-07:00
global.js,JS,23,1,18,63af0d261464c9ce54eae1876013cdb6d8115b0b,Yohan Kwon,2026-04-17,16:10:44,-07:00,2026-04-17T16:10:44-07:00
global.js,JS,24,1,56,63af0d261464c9ce54eae1876013cdb6d8115b0b,Yohan Kwon,2026-04-17,16:10:44,-07:00,2026-04-17T16:10:44-07:00
global.js,JS,25,0,0,63af0d261464c9ce54eae1876013cdb6d8115b0b,Yohan Kwon,2026-04-17,16:10:44,-07:00,2026-04-17T16:10:44-07:00
global.js,JS,26,1,38,63af0d261464c9ce54eae1876013cdb6d8115b0b,Yohan Kwon,2026-04-17,16:10:44,-07:00,2026-04-17T16:10:44-07:00
global.js,JS,27,1,15,63af0d261464c9ce54eae1876013cdb6d8115b0b,Yohan Kwon,2026-04-17,16:10:44,-07:00,2026-04-17T16:10:44-07:00
global.js,JS,28,1,26,63af0d261464c9ce54eae1876013cdb6d8115b0b,Yohan Kwon,2026-04-17,16:10:44,-07:00,2026-04-17T16:10:44-07:00
global.js,JS,29,0,0,63af0d261464c9ce54eae1876013cdb6d8115b0b,Yohan Kwon,2026-04-17,16:10:44,-07:00,2026-04-17T16:10:44-07:00
global.js,JS,30,1,94,63af0d261464c9ce54eae1876013cdb6d8115b0b,Yohan Kwon,2026-04-17,16:10:44,-07:00,2026-04-17T16:10:44-07:00
global.js,JS,31,1,56,63af0d261464c9ce54eae1876013cdb6d8115b0b,Yohan Kwon,2026-04-17,16:10:44,-07:00,2026-04-17T16:10:44-07:00
global.js,JS,32,1,52,63af0d261464c9ce54eae1876013cdb6d8115b0b,Yohan Kwon,2026-04-17,16:10:44,-07:00,2026-04-17T16:10:44-07:00
global.js,JS,33,0,0,63af0d261464c9ce54eae1876013cdb6d8115b0b,Yohan Kwon,2026-04-17,16:10:44,-07:00,2026-04-17T16:10:44-07:00
global.js,JS,34,1,16,63af0d261464c9ce54eae1876013cdb6d8115b0b,Yohan Kwon,2026-04-17,16:10:44,-07:00,2026-04-17T16:10:44-07:00
global.js,JS,35,0,1,63af0d261464c9ce54eae1876013cdb6d8115b0b,Yohan Kwon,2026-04-17,16:10:44,-07:00,2026-04-17T16:10:44-07:00
global.js,JS,36,0,0,b3de14aa1b37d72bc26b363bba2ad687cefcfda4,Yohan Kwon,2026-04-17,16:19:08,-07:00,2026-04-17T16:19:08-07:00
global.js,JS,37,0,21,b3de14aa1b37d72bc26b363bba2ad687cefcfda4,Yohan Kwon,2026-04-17,16:19:08,-07:00,2026-04-17T16:19:08-07:00
global.js,JS,38,0,37,77c3b61b7eb1b77996594915ba2938bb9575c30e,Yohan Kwon,2026-04-17,16:26:04,-07:00,2026-04-17T16:26:04-07:00
global.js,JS,39,1,30,b3de14aa1b37d72bc26b363bba2ad687cefcfda4,Yohan Kwon,2026-04-17,16:19:08,-07:00,2026-04-17T16:19:08-07:00
global.js,JS,40,2,10,b3de14aa1b37d72bc26b363bba2ad687cefcfda4,Yohan Kwon,2026-04-17,16:19:08,-07:00,2026-04-17T16:19:08-07:00
global.js,JS,41,2,12,b3de14aa1b37d72bc26b363bba2ad687cefcfda4,Yohan Kwon,2026-04-17,16:19:08,-07:00,2026-04-17T16:19:08-07:00
global.js,JS,42,3,51,b3de14aa1b37d72bc26b363bba2ad687cefcfda4,Yohan Kwon,2026-04-17,16:19:08,-07:00,2026-04-17T16:19:08-07:00
global.js,JS,43,3,42,b3de14aa1b37d72bc26b363bba2ad687cefcfda4,Yohan Kwon,2026-04-17,16:19:08,-07:00,2026-04-17T16:19:08-07:00
global.js,JS,44,3,40,b3de14aa1b37d72bc26b363bba2ad687cefcfda4,Yohan Kwon,2026-04-17,16:19:08,-07:00,2026-04-17T16:19:08-07:00
global.js,JS,45,2,13,b3de14aa1b37d72bc26b363bba2ad687cefcfda4,Yohan Kwon,2026-04-17,16:19:08,-07:00,2026-04-17T16:19:08-07:00
global.js,JS,46,1,10,b3de14aa1b37d72bc26b363bba2ad687cefcfda4,Yohan Kwon,2026-04-17,16:19:08,-07:00,2026-04-17T16:19:08-07:00
global.js,JS,47,0,3,b3de14aa1b37d72bc26b363bba2ad687cefcfda4,Yohan Kwon,2026-04-17,16:19:08,-07:00,2026-04-17T16:19:08-07:00
global.js,JS,48,0,0,b3de14aa1b37d72bc26b363bba2ad687cefcfda4,Yohan Kwon,2026-04-17,16:19:08,-07:00,2026-04-17T16:19:08-07:00
global.js,JS,49,0,60,b3de14aa1b37d72bc26b363bba2ad687cefcfda4,Yohan Kwon,2026-04-17,16:19:08,-07:00,2026-04-17T16:19:08-07:00
global.js,JS,50,0,0,b3de14aa1b37d72bc26b363bba2ad687cefcfda4,Yohan Kwon,2026-04-17,16:19:08,-07:00,2026-04-17T16:19:08-07:00
global.js,JS,51,0,38,b3de14aa1b37d72bc26b363bba2ad687cefcfda4,Yohan Kwon,2026-04-17,16:19:08,-07:00,2026-04-17T16:19:08-07:00
global.js,JS,52,1,74,b3de14aa1b37d72bc26b363bba2ad687cefcfda4,Yohan Kwon,2026-04-17,16:19:08,-07:00,2026-04-17T16:19:08-07:00
global.js,JS,53,1,29,b3de14aa1b37d72bc26b363bba2ad687cefcfda4,Yohan Kwon,2026-04-17,16:19:08,-07:00,2026-04-17T16:19:08-07:00
global.js,JS,54,0,1,b3de14aa1b37d72bc26b363bba2ad687cefcfda4,Yohan Kwon,2026-04-17,16:19:08,-07:00,2026-04-17T16:19:08-07:00
global.js,JS,55,0,0,b3de14aa1b37d72bc26b363bba2ad687cefcfda4,Yohan Kwon,2026-04-17,16:19:08,-07:00,2026-04-17T16:19:08-07:00
global.js,JS,56,0,36,b3de14aa1b37d72bc26b363bba2ad687cefcfda4,Yohan Kwon,2026-04-17,16:19:08,-07:00,2026-04-17T16:19:08-07:00
global.js,JS,57,1,43,b3de14aa1b37d72bc26b363bba2ad687cefcfda4,Yohan Kwon,2026-04-17,16:19:08,-07:00,2026-04-17T16:19:08-07:00
global.js,JS,58,0,1,b3de14aa1b37d72bc26b363bba2ad687cefcfda4,Yohan Kwon,2026-04-17,16:19:08,-07:00,2026-04-17T16:19:08-07:00
global.js,JS,59,0,0,b3de14aa1b37d72bc26b363bba2ad687cefcfda4,Yohan Kwon,2026-04-17,16:19:08,-07:00,2026-04-17T16:19:08-07:00
global.js,JS,60,0,51,b3de14aa1b37d72bc26b363bba2ad687cefcfda4,Yohan Kwon,2026-04-17,16:19:08,-07:00,2026-04-17T16:19:08-07:00
global.js,JS,61,1,48,b3de14aa1b37d72bc26b363bba2ad687cefcfda4,Yohan Kwon,2026-04-17,16:19:08,-07:00,2026-04-17T16:19:08-07:00
global.js,JS,62,1,37,b3de14aa1b37d72bc26b363bba2ad687cefcfda4,Yohan Kwon,2026-04-17,16:19:08,-07:00,2026-04-17T16:19:08-07:00
global.js,JS,63,0,3,b3de14aa1b37d72bc26b363bba2ad687cefcfda4,Yohan Kwon,2026-04-17,16:19:08,-07:00,2026-04-17T16:19:08-07:00
global.js,JS,64,0,0,cdf85253251970ea2cb1e6a8bf2a0a4aa5faf6cd,Yohan Kwon,2026-04-17,16:28:51,-07:00,2026-04-17T16:28:51-07:00
global.js,JS,65,0,24,ea7a1c3567c0d80bc7c18728446ba7797e63c755,Yohan Kwon,2026-04-23,13:10:57,-07:00,2026-04-23T13:10:57-07:00
global.js,JS,66,0,38,ea7a1c3567c0d80bc7c18728446ba7797e63c755,Yohan Kwon,2026-04-23,13:10:57,-07:00,2026-04-23T13:10:57-07:00
global.js,JS,67,1,7,ea7a1c3567c0d80bc7c18728446ba7797e63c755,Yohan Kwon,2026-04-23,13:10:57,-07:00,2026-04-23T13:10:57-07:00
global.js,JS,68,2,38,ea7a1c3567c0d80bc7c18728446ba7797e63c755,Yohan Kwon,2026-04-23,13:10:57,-07:00,2026-04-23T13:10:57-07:00
global.js,JS,69,2,23,ea7a1c3567c0d80bc7c18728446ba7797e63c755,Yohan Kwon,2026-04-23,13:10:57,-07:00,2026-04-23T13:10:57-07:00
global.js,JS,70,3,65,ea7a1c3567c0d80bc7c18728446ba7797e63c755,Yohan Kwon,2026-04-23,13:10:57,-07:00,2026-04-23T13:10:57-07:00
global.js,JS,71,2,5,ea7a1c3567c0d80bc7c18728446ba7797e63c755,Yohan Kwon,2026-04-23,13:10:57,-07:00,2026-04-23T13:10:57-07:00
global.js,JS,72,2,33,ea7a1c3567c0d80bc7c18728446ba7797e63c755,Yohan Kwon,2026-04-23,13:10:57,-07:00,2026-04-23T13:10:57-07:00
global.js,JS,73,1,19,ea7a1c3567c0d80bc7c18728446ba7797e63c755,Yohan Kwon,2026-04-23,13:10:57,-07:00,2026-04-23T13:10:57-07:00
global.js,JS,74,2,65,ea7a1c3567c0d80bc7c18728446ba7797e63c755,Yohan Kwon,2026-04-23,13:10:57,-07:00,2026-04-23T13:10:57-07:00
global.js,JS,75,1,3,ea7a1c3567c0d80bc7c18728446ba7797e63c755,Yohan Kwon,2026-04-23,13:10:57,-07:00,2026-04-23T13:10:57-07:00
global.js,JS,76,0,1,ea7a1c3567c0d80bc7c18728446ba7797e63c755,Yohan Kwon,2026-04-23,13:10:57,-07:00,2026-04-23T13:10:57-07:00
global.js,JS,77,0,0,ea7a1c3567c0d80bc7c18728446ba7797e63c755,Yohan Kwon,2026-04-23,13:10:57,-07:00,2026-04-23T13:10:57-07:00
global.js,JS,78,0,43,ea7a1c3567c0d80bc7c18728446ba7797e63c755,Yohan Kwon,2026-04-23,13:10:57,-07:00,2026-04-23T13:10:57-07:00
global.js,JS,79,0,81,ea7a1c3567c0d80bc7c18728446ba7797e63c755,Yohan Kwon,2026-04-23,13:10:57,-07:00,2026-04-23T13:10:57-07:00
global.js,JS,80,1,34,ea7a1c3567c0d80bc7c18728446ba7797e63c755,Yohan Kwon,2026-04-23,13:10:57,-07:00,2026-04-23T13:10:57-07:00
global.js,JS,81,1,33,ea7a1c3567c0d80bc7c18728446ba7797e63c755,Yohan Kwon,2026-04-23,13:10:57,-07:00,2026-04-23T13:10:57-07:00
global.js,JS,82,2,54,ea7a1c3567c0d80bc7c18728446ba7797e63c755,Yohan Kwon,2026-04-23,13:10:57,-07:00,2026-04-23T13:10:57-07:00
global.js,JS,83,2,25,ea7a1c3567c0d80bc7c18728446ba7797e63c755,Yohan Kwon,2026-04-23,13:10:57,-07:00,2026-04-23T13:10:57-07:00
global.js,JS,84,3,57,ea7a1c3567c0d80bc7c18728446ba7797e63c755,Yohan Kwon,2026-04-23,13:10:57,-07:00,2026-04-23T13:10:57-07:00
global.js,JS,85,3,57,ea7a1c3567c0d80bc7c18728446ba7797e63c755,Yohan Kwon,2026-04-23,13:10:57,-07:00,2026-04-23T13:10:57-07:00
global.js,JS,86,3,32,f9176ec9163ed6153fbb5d7bcb7d7320cc7da649,Yohan Kwon,2026-05-01,16:14:35,-07:00,2026-05-01T16:14:35-07:00
global.js,JS,87,4,37,f9176ec9163ed6153fbb5d7bcb7d7320cc7da649,Yohan Kwon,2026-05-01,16:14:35,-07:00,2026-05-01T16:14:35-07:00
global.js,JS,88,4,60,f9176ec9163ed6153fbb5d7bcb7d7320cc7da649,Yohan Kwon,2026-05-01,16:14:35,-07:00,2026-05-01T16:14:35-07:00
global.js,JS,89,3,12,f9176ec9163ed6153fbb5d7bcb7d7320cc7da649,Yohan Kwon,2026-05-01,16:14:35,-07:00,2026-05-01T16:14:35-07:00
global.js,JS,90,2,6,ea7a1c3567c0d80bc7c18728446ba7797e63c755,Yohan Kwon,2026-04-23,13:10:57,-07:00,2026-04-23T13:10:57-07:00
global.js,JS,91,2,42,ea7a1c3567c0d80bc7c18728446ba7797e63c755,Yohan Kwon,2026-04-23,13:10:57,-07:00,2026-04-23T13:10:57-07:00
global.js,JS,92,1,3,ea7a1c3567c0d80bc7c18728446ba7797e63c755,Yohan Kwon,2026-04-23,13:10:57,-07:00,2026-04-23T13:10:57-07:00
global.js,JS,93,0,1,ea7a1c3567c0d80bc7c18728446ba7797e63c755,Yohan Kwon,2026-04-23,13:10:57,-07:00,2026-04-23T13:10:57-07:00
global.js,JS,94,0,0,ea7a1c3567c0d80bc7c18728446ba7797e63c755,Yohan Kwon,2026-04-23,13:10:57,-07:00,2026-04-23T13:10:57-07:00
global.js,JS,95,0,25,ea7a1c3567c0d80bc7c18728446ba7797e63c755,Yohan Kwon,2026-04-23,13:10:57,-07:00,2026-04-23T13:10:57-07:00
global.js,JS,96,0,49,ea7a1c3567c0d80bc7c18728446ba7797e63c755,Yohan Kwon,2026-04-23,13:10:57,-07:00,2026-04-23T13:10:57-07:00
global.js,JS,97,1,63,ea7a1c3567c0d80bc7c18728446ba7797e63c755,Yohan Kwon,2026-04-23,13:10:57,-07:00,2026-04-23T13:10:57-07:00
global.js,JS,98,0,1,ea7a1c3567c0d80bc7c18728446ba7797e63c755,Yohan Kwon,2026-04-23,13:10:57,-07:00,2026-04-23T13:10:57-07:00
global.js,JS,99,0,0,ea7a1c3567c0d80bc7c18728446ba7797e63c755,Yohan Kwon,2026-04-23,13:10:57,-07:00,2026-04-23T13:10:57-07:00
global.js,JS,100,0,22,cdf85253251970ea2cb1e6a8bf2a0a4aa5faf6cd,Yohan Kwon,2026-04-17,16:28:51,-07:00,2026-04-17T16:28:51-07:00
global.js,JS,101,0,42,cdf85253251970ea2cb1e6a8bf2a0a4aa5faf6cd,Yohan Kwon,2026-04-17,16:28:51,-07:00,2026-04-17T16:28:51-07:00
global.js,JS,102,0,0,cdf85253251970ea2cb1e6a8bf2a0a4aa5faf6cd,Yohan Kwon,2026-04-17,16:28:51,-07:00,2026-04-17T16:28:51-07:00
global.js,JS,103,0,51,cdf85253251970ea2cb1e6a8bf2a0a4aa5faf6cd,Yohan Kwon,2026-04-17,16:28:51,-07:00,2026-04-17T16:28:51-07:00
global.js,JS,104,1,25,cdf85253251970ea2cb1e6a8bf2a0a4aa5faf6cd,Yohan Kwon,2026-04-17,16:28:51,-07:00,2026-04-17T16:28:51-07:00
global.js,JS,105,0,0,cdf85253251970ea2cb1e6a8bf2a0a4aa5faf6cd,Yohan Kwon,2026-04-17,16:28:51,-07:00,2026-04-17T16:28:51-07:00
global.js,JS,106,1,32,cdf85253251970ea2cb1e6a8bf2a0a4aa5faf6cd,Yohan Kwon,2026-04-17,16:28:51,-07:00,2026-04-17T16:28:51-07:00
global.js,JS,107,1,30,cdf85253251970ea2cb1e6a8bf2a0a4aa5faf6cd,Yohan Kwon,2026-04-17,16:28:51,-07:00,2026-04-17T16:28:51-07:00
global.js,JS,108,0,0,cdf85253251970ea2cb1e6a8bf2a0a4aa5faf6cd,Yohan Kwon,2026-04-17,16:28:51,-07:00,2026-04-17T16:28:51-07:00
global.js,JS,109,1,35,cdf85253251970ea2cb1e6a8bf2a0a4aa5faf6cd,Yohan Kwon,2026-04-17,16:28:51,-07:00,2026-04-17T16:28:51-07:00
global.js,JS,110,2,51,cdf85253251970ea2cb1e6a8bf2a0a4aa5faf6cd,Yohan Kwon,2026-04-17,16:28:51,-07:00,2026-04-17T16:28:51-07:00
global.js,JS,111,1,3,cdf85253251970ea2cb1e6a8bf2a0a4aa5faf6cd,Yohan Kwon,2026-04-17,16:28:51,-07:00,2026-04-17T16:28:51-07:00
global.js,JS,112,0,0,cdf85253251970ea2cb1e6a8bf2a0a4aa5faf6cd,Yohan Kwon,2026-04-17,16:28:51,-07:00,2026-04-17T16:28:51-07:00
global.js,JS,113,1,46,cdf85253251970ea2cb1e6a8bf2a0a4aa5faf6cd,Yohan Kwon,2026-04-17,16:28:51,-07:00,2026-04-17T16:28:51-07:00
global.js,JS,114,1,22,cdf85253251970ea2cb1e6a8bf2a0a4aa5faf6cd,Yohan Kwon,2026-04-17,16:28:51,-07:00,2026-04-17T16:28:51-07:00
global.js,JS,115,0,3,cdf85253251970ea2cb1e6a8bf2a0a4aa5faf6cd,Yohan Kwon,2026-04-17,16:28:51,-07:00,2026-04-17T16:28:51-07:00
index.html,HTML,1,0,15,edc423fd255161f699cf3fbc87b68ac0976df5c6,Yohan Kwon,2026-04-03,10:58:17,-07:00,2026-04-03T10:58:17-07:00
index.html,HTML,2,0,16,edc423fd255161f699cf3fbc87b68ac0976df5c6,Yohan Kwon,2026-04-03,10:58:17,-07:00,2026-04-03T10:58:17-07:00
index.html,HTML,3,0,6,edc423fd255161f699cf3fbc87b68ac0976df5c6,Yohan Kwon,2026-04-03,10:58:17,-07:00,2026-04-03T10:58:17-07:00
index.html,HTML,4,2,26,edc423fd255161f699cf3fbc87b68ac0976df5c6,Yohan Kwon,2026-04-03,10:58:17,-07:00,2026-04-03T10:58:17-07:00
index.html,HTML,5,2,74,edc423fd255161f699cf3fbc87b68ac0976df5c6,Yohan Kwon,2026-04-03,10:58:17,-07:00,2026-04-03T10:58:17-07:00
index.html,HTML,6,2,58,edc423fd255161f699cf3fbc87b68ac0976df5c6,Yohan Kwon,2026-04-03,10:58:17,-07:00,2026-04-03T10:58:17-07:00
index.html,HTML,7,2,44,9b0d1201e4e846ed066d7d0e9eb00089fefeb332,Yohan Kwon,2026-04-03,11:15:03,-07:00,2026-04-03T11:15:03-07:00
index.html,HTML,8,2,51,c3c8ceaeab99c28f3b36de3a22940fc48ec7debb,Yohan Kwon,2026-04-17,15:57:01,-07:00,2026-04-17T15:57:01-07:00
index.html,HTML,9,2,56,ea7a1c3567c0d80bc7c18728446ba7797e63c755,Yohan Kwon,2026-04-23,13:10:57,-07:00,2026-04-23T13:10:57-07:00
index.html,HTML,10,2,11,f784546d591ea6e3cad1f96e1b3c8142fb9b0ed1,Yohan Kwon,2026-04-03,15:22:24,-07:00,2026-04-03T15:22:24-07:00
index.html,HTML,11,4,22,90b7d18aeaae73d5fe1c30cdce2b8c1f342f73aa,Yohan Kwon,2026-04-23,13:30:34,-07:00,2026-04-23T13:30:34-07:00
index.html,HTML,12,6,31,f784546d591ea6e3cad1f96e1b3c8142fb9b0ed1,Yohan Kwon,2026-04-03,15:22:24,-07:00,2026-04-03T15:22:24-07:00
index.html,HTML,13,4,9,f784546d591ea6e3cad1f96e1b3c8142fb9b0ed1,Yohan Kwon,2026-04-03,15:22:24,-07:00,2026-04-03T15:22:24-07:00
index.html,HTML,14,4,24,90b7d18aeaae73d5fe1c30cdce2b8c1f342f73aa,Yohan Kwon,2026-04-23,13:30:34,-07:00,2026-04-23T13:30:34-07:00
index.html,HTML,15,6,25,3559f723b1a77775e9641bd0e91143a24130d2af,Yohan Kwon,2026-04-03,15:23:39,-07:00,2026-04-03T15:23:39-07:00
index.html,HTML,16,6,28,90b7d18aeaae73d5fe1c30cdce2b8c1f342f73aa,Yohan Kwon,2026-04-23,13:30:34,-07:00,2026-04-23T13:30:34-07:00
index.html,HTML,17,4,9,90b7d18aeaae73d5fe1c30cdce2b8c1f342f73aa,Yohan Kwon,2026-04-23,13:30:34,-07:00,2026-04-23T13:30:34-07:00
index.html,HTML,18,4,24,90b7d18aeaae73d5fe1c30cdce2b8c1f342f73aa,Yohan Kwon,2026-04-23,13:30:34,-07:00,2026-04-23T13:30:34-07:00
index.html,HTML,19,6,26,90b7d18aeaae73d5fe1c30cdce2b8c1f342f73aa,Yohan Kwon,2026-04-23,13:30:34,-07:00,2026-04-23T13:30:34-07:00
index.html,HTML,20,4,9,90b7d18aeaae73d5fe1c30cdce2b8c1f342f73aa,Yohan Kwon,2026-04-23,13:30:34,-07:00,2026-04-23T13:30:34-07:00
index.html,HTML,21,4,27,90b7d18aeaae73d5fe1c30cdce2b8c1f342f73aa,Yohan Kwon,2026-04-23,13:30:34,-07:00,2026-04-23T13:30:34-07:00
index.html,HTML,22,6,26,90b7d18aeaae73d5fe1c30cdce2b8c1f342f73aa,Yohan Kwon,2026-04-23,13:30:34,-07:00,2026-04-23T13:30:34-07:00
index.html,HTML,23,6,21,90b7d18aeaae73d5fe1c30cdce2b8c1f342f73aa,Yohan Kwon,2026-04-23,13:30:34,-07:00,2026-04-23T13:30:34-07:00
index.html,HTML,24,6,36,90b7d18aeaae73d5fe1c30cdce2b8c1f342f73aa,Yohan Kwon,2026-04-23,13:30:34,-07:00,2026-04-23T13:30:34-07:00
index.html,HTML,25,6,28,90b7d18aeaae73d5fe1c30cdce2b8c1f342f73aa,Yohan Kwon,2026-04-23,13:30:34,-07:00,2026-04-23T13:30:34-07:00
index.html,HTML,26,6,22,90b7d18aeaae73d5fe1c30cdce2b8c1f342f73aa,Yohan Kwon,2026-04-23,13:30:34,-07:00,2026-04-23T13:30:34-07:00
index.html,HTML,27,4,9,90b7d18aeaae73d5fe1c30cdce2b8c1f342f73aa,Yohan Kwon,2026-04-23,13:30:34,-07:00,2026-04-23T13:30:34-07:00
index.html,HTML,28,4,27,90b7d18aeaae73d5fe1c30cdce2b8c1f342f73aa,Yohan Kwon,2026-04-23,13:30:34,-07:00,2026-04-23T13:30:34-07:00
index.html,HTML,29,6,30,90b7d18aeaae73d5fe1c30cdce2b8c1f342f73aa,Yohan Kwon,2026-04-23,13:30:34,-07:00,2026-04-23T13:30:34-07:00
index.html,HTML,30,6,30,90b7d18aeaae73d5fe1c30cdce2b8c1f342f73aa,Yohan Kwon,2026-04-23,13:30:34,-07:00,2026-04-23T13:30:34-07:00
index.html,HTML,31,6,35,90b7d18aeaae73d5fe1c30cdce2b8c1f342f73aa,Yohan Kwon,2026-04-23,13:30:34,-07:00,2026-04-23T13:30:34-07:00
index.html,HTML,32,4,9,90b7d18aeaae73d5fe1c30cdce2b8c1f342f73aa,Yohan Kwon,2026-04-23,13:30:34,-07:00,2026-04-23T13:30:34-07:00
index.html,HTML,33,4,27,90b7d18aeaae73d5fe1c30cdce2b8c1f342f73aa,Yohan Kwon,2026-04-23,13:30:34,-07:00,2026-04-23T13:30:34-07:00
index.html,HTML,34,6,29,90b7d18aeaae73d5fe1c30cdce2b8c1f342f73aa,Yohan Kwon,2026-04-23,13:30:34,-07:00,2026-04-23T13:30:34-07:00
index.html,HTML,35,6,22,90b7d18aeaae73d5fe1c30cdce2b8c1f342f73aa,Yohan Kwon,2026-04-23,13:30:34,-07:00,2026-04-23T13:30:34-07:00
index.html,HTML,36,6,39,90b7d18aeaae73d5fe1c30cdce2b8c1f342f73aa,Yohan Kwon,2026-04-23,13:30:34,-07:00,2026-04-23T13:30:34-07:00
index.html,HTML,37,4,9,90b7d18aeaae73d5fe1c30cdce2b8c1f342f73aa,Yohan Kwon,2026-04-23,13:30:34,-07:00,2026-04-23T13:30:34-07:00
index.html,HTML,38,4,33,90b7d18aeaae73d5fe1c30cdce2b8c1f342f73aa,Yohan Kwon,2026-04-23,13:30:34,-07:00,2026-04-23T13:30:34-07:00
index.html,HTML,39,6,26,90b7d18aeaae73d5fe1c30cdce2b8c1f342f73aa,Yohan Kwon,2026-04-23,13:30:34,-07:00,2026-04-23T13:30:34-07:00
index.html,HTML,40,6,35,90b7d18aeaae73d5fe1c30cdce2b8c1f342f73aa,Yohan Kwon,2026-04-23,13:30:34,-07:00,2026-04-23T13:30:34-07:00
index.html,HTML,41,6,32,90b7d18aeaae73d5fe1c30cdce2b8c1f342f73aa,Yohan Kwon,2026-04-23,13:30:34,-07:00,2026-04-23T13:30:34-07:00
index.html,HTML,42,4,9,f784546d591ea6e3cad1f96e1b3c8142fb9b0ed1,Yohan Kwon,2026-04-03,15:22:24,-07:00,2026-04-03T15:22:24-07:00
index.html,HTML,43,2,12,f784546d591ea6e3cad1f96e1b3c8142fb9b0ed1,Yohan Kwon,2026-04-03,15:22:24,-07:00,2026-04-03T15:22:24-07:00
index.html,HTML,44,0,7,edc423fd255161f699cf3fbc87b68ac0976df5c6,Yohan Kwon,2026-04-03,10:58:17,-07:00,2026-04-03T10:58:17-07:00
index.html,HTML,45,0,6,edc423fd255161f699cf3fbc87b68ac0976df5c6,Yohan Kwon,2026-04-03,10:58:17,-07:00,2026-04-03T10:58:17-07:00
index.html,HTML,46,2,29,90b7d18aeaae73d5fe1c30cdce2b8c1f342f73aa,Yohan Kwon,2026-04-23,13:30:34,-07:00,2026-04-23T13:30:34-07:00
index.html,HTML,47,4,27,90b7d18aeaae73d5fe1c30cdce2b8c1f342f73aa,Yohan Kwon,2026-04-23,13:30:34,-07:00,2026-04-23T13:30:34-07:00
index.html,HTML,48,4,391,90b7d18aeaae73d5fe1c30cdce2b8c1f342f73aa,Yohan Kwon,2026-04-23,13:30:34,-07:00,2026-04-23T13:30:34-07:00
index.html,HTML,49,4,87,90b7d18aeaae73d5fe1c30cdce2b8c1f342f73aa,Yohan Kwon,2026-04-23,13:30:34,-07:00,2026-04-23T13:30:34-07:00
index.html,HTML,50,2,10,90b7d18aeaae73d5fe1c30cdce2b8c1f342f73aa,Yohan Kwon,2026-04-23,13:30:34,-07:00,2026-04-23T13:30:34-07:00
index.html,HTML,51,0,0,ea7a1c3567c0d80bc7c18728446ba7797e63c755,Yohan Kwon,2026-04-23,13:10:57,-07:00,2026-04-23T13:10:57-07:00
index.html,HTML,52,2,34,ea7a1c3567c0d80bc7c18728446ba7797e63c755,Yohan Kwon,2026-04-23,13:10:57,-07:00,2026-04-23T13:10:57-07:00
index.html,HTML,53,0,0,ea7a1c3567c0d80bc7c18728446ba7797e63c755,Yohan Kwon,2026-04-23,13:10:57,-07:00,2026-04-23T13:10:57-07:00
index.html,HTML,54,2,56,22a4470c2ee865b7730dfa2753b3d6f7b3271e7f,Yohan Kwon,2026-04-23,14:09:06,-07:00,2026-04-23T14:09:06-07:00
index.html,HTML,55,2,32,ea7a1c3567c0d80bc7c18728446ba7797e63c755,Yohan Kwon,2026-04-23,13:10:57,-07:00,2026-04-23T13:10:57-07:00
index.html,HTML,56,0,7,edc423fd255161f699cf3fbc87b68ac0976df5c6,Yohan Kwon,2026-04-03,10:58:17,-07:00,2026-04-03T10:58:17-07:00
index.html,HTML,57,0,7,edc423fd255161f699cf3fbc87b68ac0976df5c6,Yohan Kwon,2026-04-03,10:58:17,-07:00,2026-04-03T10:58:17-07:00
index.js,JS,1,0,73,ea7a1c3567c0d80bc7c18728446ba7797e63c755,Yohan Kwon,2026-04-23,13:10:57,-07:00,2026-04-23T13:10:57-07:00
index.js,JS,2,0,0,ea7a1c3567c0d80bc7c18728446ba7797e63c755,Yohan Kwon,2026-04-23,13:10:57,-07:00,2026-04-23T13:10:57-07:00
index.js,JS,3,0,38,ea7a1c3567c0d80bc7c18728446ba7797e63c755,Yohan Kwon,2026-04-23,13:10:57,-07:00,2026-04-23T13:10:57-07:00
index.js,JS,4,0,56,ea7a1c3567c0d80bc7c18728446ba7797e63c755,Yohan Kwon,2026-04-23,13:10:57,-07:00,2026-04-23T13:10:57-07:00
index.js,JS,5,0,44,ea7a1c3567c0d80bc7c18728446ba7797e63c755,Yohan Kwon,2026-04-23,13:10:57,-07:00,2026-04-23T13:10:57-07:00
index.js,JS,6,0,62,ea7a1c3567c0d80bc7c18728446ba7797e63c755,Yohan Kwon,2026-04-23,13:10:57,-07:00,2026-04-23T13:10:57-07:00
index.js,JS,7,0,56,ea7a1c3567c0d80bc7c18728446ba7797e63c755,Yohan Kwon,2026-04-23,13:10:57,-07:00,2026-04-23T13:10:57-07:00
index.js,JS,8,0,0,ea7a1c3567c0d80bc7c18728446ba7797e63c755,Yohan Kwon,2026-04-23,13:10:57,-07:00,2026-04-23T13:10:57-07:00
index.js,JS,9,0,41,ea7a1c3567c0d80bc7c18728446ba7797e63c755,Yohan Kwon,2026-04-23,13:10:57,-07:00,2026-04-23T13:10:57-07:00
index.js,JS,10,0,56,ea7a1c3567c0d80bc7c18728446ba7797e63c755,Yohan Kwon,2026-04-23,13:10:57,-07:00,2026-04-23T13:10:57-07:00
index.js,JS,11,0,62,ea7a1c3567c0d80bc7c18728446ba7797e63c755,Yohan Kwon,2026-04-23,13:10:57,-07:00,2026-04-23T13:10:57-07:00
index.js,JS,12,0,0,ea7a1c3567c0d80bc7c18728446ba7797e63c755,Yohan Kwon,2026-04-23,13:10:57,-07:00,2026-04-23T13:10:57-07:00
index.js,JS,13,0,19,ea7a1c3567c0d80bc7c18728446ba7797e63c755,Yohan Kwon,2026-04-23,13:10:57,-07:00,2026-04-23T13:10:57-07:00
index.js,JS,14,1,28,ea7a1c3567c0d80bc7c18728446ba7797e63c755,Yohan Kwon,2026-04-23,13:10:57,-07:00,2026-04-23T13:10:57-07:00
index.js,JS,15,2,8,ea7a1c3567c0d80bc7c18728446ba7797e63c755,Yohan Kwon,2026-04-23,13:10:57,-07:00,2026-04-23T13:10:57-07:00
index.js,JS,16,3,73,90b7d18aeaae73d5fe1c30cdce2b8c1f342f73aa,Yohan Kwon,2026-04-23,13:30:34,-07:00,2026-04-23T13:30:34-07:00
index.js,JS,17,3,73,90b7d18aeaae73d5fe1c30cdce2b8c1f342f73aa,Yohan Kwon,2026-04-23,13:30:34,-07:00,2026-04-23T13:30:34-07:00
index.js,JS,18,3,67,90b7d18aeaae73d5fe1c30cdce2b8c1f342f73aa,Yohan Kwon,2026-04-23,13:30:34,-07:00,2026-04-23T13:30:34-07:00
index.js,JS,19,3,67,90b7d18aeaae73d5fe1c30cdce2b8c1f342f73aa,Yohan Kwon,2026-04-23,13:30:34,-07:00,2026-04-23T13:30:34-07:00
index.js,JS,20,2,9,ea7a1c3567c0d80bc7c18728446ba7797e63c755,Yohan Kwon,2026-04-23,13:10:57,-07:00,2026-04-23T13:10:57-07:00
index.js,JS,21,1,4,ea7a1c3567c0d80bc7c18728446ba7797e63c755,Yohan Kwon,2026-04-23,13:10:57,-07:00,2026-04-23T13:10:57-07:00
index.js,JS,22,0,1,ea7a1c3567c0d80bc7c18728446ba7797e63c755,Yohan Kwon,2026-04-23,13:10:57,-07:00,2026-04-23T13:10:57-07:00
lib/projects.json,JSON,1,0,1,ea7a1c3567c0d80bc7c18728446ba7797e63c755,Yohan Kwon,2026-04-23,13:10:57,-07:00,2026-04-23T13:10:57-07:00
lib/projects.json,JSON,2,1,3,ea7a1c3567c0d80bc7c18728446ba7797e63c755,Yohan Kwon,2026-04-23,13:10:57,-07:00,2026-04-23T13:10:57-07:00
lib/projects.json,JSON,3,2,52,ea7a1c3567c0d80bc7c18728446ba7797e63c755,Yohan Kwon,2026-04-23,13:10:57,-07:00,2026-04-23T13:10:57-07:00
lib/projects.json,JSON,4,2,19,ea7a1c3567c0d80bc7c18728446ba7797e63c755,Yohan Kwon,2026-04-23,13:10:57,-07:00,2026-04-23T13:10:57-07:00
lib/projects.json,JSON,5,2,62,ea7a1c3567c0d80bc7c18728446ba7797e63c755,Yohan Kwon,2026-04-23,13:10:57,-07:00,2026-04-23T13:10:57-07:00
lib/projects.json,JSON,6,2,230,ea7a1c3567c0d80bc7c18728446ba7797e63c755,Yohan Kwon,2026-04-23,13:10:57,-07:00,2026-04-23T13:10:57-07:00
lib/projects.json,JSON,7,1,4,ea7a1c3567c0d80bc7c18728446ba7797e63c755,Yohan Kwon,2026-04-23,13:10:57,-07:00,2026-04-23T13:10:57-07:00
lib/projects.json,JSON,8,1,3,ea7a1c3567c0d80bc7c18728446ba7797e63c755,Yohan Kwon,2026-04-23,13:10:57,-07:00,2026-04-23T13:10:57-07:00
lib/projects.json,JSON,9,2,56,ea7a1c3567c0d80bc7c18728446ba7797e63c755,Yohan Kwon,2026-04-23,13:10:57,-07:00,2026-04-23T13:10:57-07:00
lib/projects.json,JSON,10,2,19,ea7a1c3567c0d80bc7c18728446ba7797e63c755,Yohan Kwon,2026-04-23,13:10:57,-07:00,2026-04-23T13:10:57-07:00
lib/projects.json,JSON,11,2,62,ea7a1c3567c0d80bc7c18728446ba7797e63c755,Yohan Kwon,2026-04-23,13:10:57,-07:00,2026-04-23T13:10:57-07:00
lib/projects.json,JSON,12,2,229,ea7a1c3567c0d80bc7c18728446ba7797e63c755,Yohan Kwon,2026-04-23,13:10:57,-07:00,2026-04-23T13:10:57-07:00
lib/projects.json,JSON,13,1,4,ea7a1c3567c0d80bc7c18728446ba7797e63c755,Yohan Kwon,2026-04-23,13:10:57,-07:00,2026-04-23T13:10:57-07:00
lib/projects.json,JSON,14,1,3,ea7a1c3567c0d80bc7c18728446ba7797e63c755,Yohan Kwon,2026-04-23,13:10:57,-07:00,2026-04-23T13:10:57-07:00
lib/projects.json,JSON,15,2,57,ea7a1c3567c0d80bc7c18728446ba7797e63c755,Yohan Kwon,2026-04-23,13:10:57,-07:00,2026-04-23T13:10:57-07:00
lib/projects.json,JSON,16,2,19,ea7a1c3567c0d80bc7c18728446ba7797e63c755,Yohan Kwon,2026-04-23,13:10:57,-07:00,2026-04-23T13:10:57-07:00
lib/projects.json,JSON,17,2,62,ea7a1c3567c0d80bc7c18728446ba7797e63c755,Yohan Kwon,2026-04-23,13:10:57,-07:00,2026-04-23T13:10:57-07:00
lib/projects.json,JSON,18,2,205,ea7a1c3567c0d80bc7c18728446ba7797e63c755,Yohan Kwon,2026-04-23,13:10:57,-07:00,2026-04-23T13:10:57-07:00
lib/projects.json,JSON,19,1,4,ea7a1c3567c0d80bc7c18728446ba7797e63c755,Yohan Kwon,2026-04-23,13:10:57,-07:00,2026-04-23T13:10:57-07:00
lib/projects.json,JSON,20,1,3,ea7a1c3567c0d80bc7c18728446ba7797e63c755,Yohan Kwon,2026-04-23,13:10:57,-07:00,2026-04-23T13:10:57-07:00
lib/projects.json,JSON,21,2,60,ea7a1c3567c0d80bc7c18728446ba7797e63c755,Yohan Kwon,2026-04-23,13:10:57,-07:00,2026-04-23T13:10:57-07:00
lib/projects.json,JSON,22,2,19,ea7a1c3567c0d80bc7c18728446ba7797e63c755,Yohan Kwon,2026-04-23,13:10:57,-07:00,2026-04-23T13:10:57-07:00
lib/projects.json,JSON,23,2,62,ea7a1c3567c0d80bc7c18728446ba7797e63c755,Yohan Kwon,2026-04-23,13:10:57,-07:00,2026-04-23T13:10:57-07:00
lib/projects.json,JSON,24,2,209,ea7a1c3567c0d80bc7c18728446ba7797e63c755,Yohan Kwon,2026-04-23,13:10:57,-07:00,2026-04-23T13:10:57-07:00
lib/projects.json,JSON,25,1,4,ea7a1c3567c0d80bc7c18728446ba7797e63c755,Yohan Kwon,2026-04-23,13:10:57,-07:00,2026-04-23T13:10:57-07:00
lib/projects.json,JSON,26,1,3,ea7a1c3567c0d80bc7c18728446ba7797e63c755,Yohan Kwon,2026-04-23,13:10:57,-07:00,2026-04-23T13:10:57-07:00
lib/projects.json,JSON,27,2,51,ea7a1c3567c0d80bc7c18728446ba7797e63c755,Yohan Kwon,2026-04-23,13:10:57,-07:00,2026-04-23T13:10:57-07:00
lib/projects.json,JSON,28,2,19,ea7a1c3567c0d80bc7c18728446ba7797e63c755,Yohan Kwon,2026-04-23,13:10:57,-07:00,2026-04-23T13:10:57-07:00
lib/projects.json,JSON,29,2,62,ea7a1c3567c0d80bc7c18728446ba7797e63c755,Yohan Kwon,2026-04-23,13:10:57,-07:00,2026-04-23T13:10:57-07:00
lib/projects.json,JSON,30,2,205,ea7a1c3567c0d80bc7c18728446ba7797e63c755,Yohan Kwon,2026-04-23,13:10:57,-07:00,2026-04-23T13:10:57-07:00
lib/projects.json,JSON,31,1,4,ea7a1c3567c0d80bc7c18728446ba7797e63c755,Yohan Kwon,2026-04-23,13:10:57,-07:00,2026-04-23T13:10:57-07:00
lib/projects.json,JSON,32,1,3,ea7a1c3567c0d80bc7c18728446ba7797e63c755,Yohan Kwon,2026-04-23,13:10:57,-07:00,2026-04-23T13:10:57-07:00
lib/projects.json,JSON,33,2,48,ea7a1c3567c0d80bc7c18728446ba7797e63c755,Yohan Kwon,2026-04-23,13:10:57,-07:00,2026-04-23T13:10:57-07:00
lib/projects.json,JSON,34,2,19,ea7a1c3567c0d80bc7c18728446ba7797e63c755,Yohan Kwon,2026-04-23,13:10:57,-07:00,2026-04-23T13:10:57-07:00
lib/projects.json,JSON,35,2,62,ea7a1c3567c0d80bc7c18728446ba7797e63c755,Yohan Kwon,2026-04-23,13:10:57,-07:00,2026-04-23T13:10:57-07:00
lib/projects.json,JSON,36,2,220,ea7a1c3567c0d80bc7c18728446ba7797e63c755,Yohan Kwon,2026-04-23,13:10:57,-07:00,2026-04-23T13:10:57-07:00
lib/projects.json,JSON,37,1,4,ea7a1c3567c0d80bc7c18728446ba7797e63c755,Yohan Kwon,2026-04-23,13:10:57,-07:00,2026-04-23T13:10:57-07:00
lib/projects.json,JSON,38,1,3,ea7a1c3567c0d80bc7c18728446ba7797e63c755,Yohan Kwon,2026-04-23,13:10:57,-07:00,2026-04-23T13:10:57-07:00
lib/projects.json,JSON,39,2,51,ea7a1c3567c0d80bc7c18728446ba7797e63c755,Yohan Kwon,2026-04-23,13:10:57,-07:00,2026-04-23T13:10:57-07:00
lib/projects.json,JSON,40,2,19,ea7a1c3567c0d80bc7c18728446ba7797e63c755,Yohan Kwon,2026-04-23,13:10:57,-07:00,2026-04-23T13:10:57-07:00
lib/projects.json,JSON,41,2,62,ea7a1c3567c0d80bc7c18728446ba7797e63c755,Yohan Kwon,2026-04-23,13:10:57,-07:00,2026-04-23T13:10:57-07:00
lib/projects.json,JSON,42,2,223,ea7a1c3567c0d80bc7c18728446ba7797e63c755,Yohan Kwon,2026-04-23,13:10:57,-07:00,2026-04-23T13:10:57-07:00
lib/projects.json,JSON,43,1,4,ea7a1c3567c0d80bc7c18728446ba7797e63c755,Yohan Kwon,2026-04-23,13:10:57,-07:00,2026-04-23T13:10:57-07:00
lib/projects.json,JSON,44,1,3,ea7a1c3567c0d80bc7c18728446ba7797e63c755,Yohan Kwon,2026-04-23,13:10:57,-07:00,2026-04-23T13:10:57-07:00
lib/projects.json,JSON,45,2,47,ea7a1c3567c0d80bc7c18728446ba7797e63c755,Yohan Kwon,2026-04-23,13:10:57,-07:00,2026-04-23T13:10:57-07:00
lib/projects.json,JSON,46,2,19,ea7a1c3567c0d80bc7c18728446ba7797e63c755,Yohan Kwon,2026-04-23,13:10:57,-07:00,2026-04-23T13:10:57-07:00
lib/projects.json,JSON,47,2,62,ea7a1c3567c0d80bc7c18728446ba7797e63c755,Yohan Kwon,2026-04-23,13:10:57,-07:00,2026-04-23T13:10:57-07:00
lib/projects.json,JSON,48,2,215,ea7a1c3567c0d80bc7c18728446ba7797e63c755,Yohan Kwon,2026-04-23,13:10:57,-07:00,2026-04-23T13:10:57-07:00
lib/projects.json,JSON,49,1,4,ea7a1c3567c0d80bc7c18728446ba7797e63c755,Yohan Kwon,2026-04-23,13:10:57,-07:00,2026-04-23T13:10:57-07:00
lib/projects.json,JSON,50,1,3,ea7a1c3567c0d80bc7c18728446ba7797e63c755,Yohan Kwon,2026-04-23,13:10:57,-07:00,2026-04-23T13:10:57-07:00
lib/projects.json,JSON,51,2,44,ea7a1c3567c0d80bc7c18728446ba7797e63c755,Yohan Kwon,2026-04-23,13:10:57,-07:00,2026-04-23T13:10:57-07:00
lib/projects.json,JSON,52,2,19,ea7a1c3567c0d80bc7c18728446ba7797e63c755,Yohan Kwon,2026-04-23,13:10:57,-07:00,2026-04-23T13:10:57-07:00
lib/projects.json,JSON,53,2,62,ea7a1c3567c0d80bc7c18728446ba7797e63c755,Yohan Kwon,2026-04-23,13:10:57,-07:00,2026-04-23T13:10:57-07:00
lib/projects.json,JSON,54,2,216,ea7a1c3567c0d80bc7c18728446ba7797e63c755,Yohan Kwon,2026-04-23,13:10:57,-07:00,2026-04-23T13:10:57-07:00
lib/projects.json,JSON,55,1,4,ea7a1c3567c0d80bc7c18728446ba7797e63c755,Yohan Kwon,2026-04-23,13:10:57,-07:00,2026-04-23T13:10:57-07:00
lib/projects.json,JSON,56,1,3,ea7a1c3567c0d80bc7c18728446ba7797e63c755,Yohan Kwon,2026-04-23,13:10:57,-07:00,2026-04-23T13:10:57-07:00
lib/projects.json,JSON,57,2,43,ea7a1c3567c0d80bc7c18728446ba7797e63c755,Yohan Kwon,2026-04-23,13:10:57,-07:00,2026-04-23T13:10:57-07:00
lib/projects.json,JSON,58,2,19,ea7a1c3567c0d80bc7c18728446ba7797e63c755,Yohan Kwon,2026-04-23,13:10:57,-07:00,2026-04-23T13:10:57-07:00
lib/projects.json,JSON,59,2,62,ea7a1c3567c0d80bc7c18728446ba7797e63c755,Yohan Kwon,2026-04-23,13:10:57,-07:00,2026-04-23T13:10:57-07:00
lib/projects.json,JSON,60,2,213,ea7a1c3567c0d80bc7c18728446ba7797e63c755,Yohan Kwon,2026-04-23,13:10:57,-07:00,2026-04-23T13:10:57-07:00
lib/projects.json,JSON,61,1,4,ea7a1c3567c0d80bc7c18728446ba7797e63c755,Yohan Kwon,2026-04-23,13:10:57,-07:00,2026-04-23T13:10:57-07:00
lib/projects.json,JSON,62,1,3,ea7a1c3567c0d80bc7c18728446ba7797e63c755,Yohan Kwon,2026-04-23,13:10:57,-07:00,2026-04-23T13:10:57-07:00
lib/projects.json,JSON,63,2,47,ea7a1c3567c0d80bc7c18728446ba7797e63c755,Yohan Kwon,2026-04-23,13:10:57,-07:00,2026-04-23T13:10:57-07:00
lib/projects.json,JSON,64,2,19,ea7a1c3567c0d80bc7c18728446ba7797e63c755,Yohan Kwon,2026-04-23,13:10:57,-07:00,2026-04-23T13:10:57-07:00
lib/projects.json,JSON,65,2,62,ea7a1c3567c0d80bc7c18728446ba7797e63c755,Yohan Kwon,2026-04-23,13:10:57,-07:00,2026-04-23T13:10:57-07:00
lib/projects.json,JSON,66,2,206,ea7a1c3567c0d80bc7c18728446ba7797e63c755,Yohan Kwon,2026-04-23,13:10:57,-07:00,2026-04-23T13:10:57-07:00
lib/projects.json,JSON,67,1,4,ea7a1c3567c0d80bc7c18728446ba7797e63c755,Yohan Kwon,2026-04-23,13:10:57,-07:00,2026-04-23T13:10:57-07:00
lib/projects.json,JSON,68,1,3,ea7a1c3567c0d80bc7c18728446ba7797e63c755,Yohan Kwon,2026-04-23,13:10:57,-07:00,2026-04-23T13:10:57-07:00
lib/projects.json,JSON,69,2,49,ea7a1c3567c0d80bc7c18728446ba7797e63c755,Yohan Kwon,2026-04-23,13:10:57,-07:00,2026-04-23T13:10:57-07:00
lib/projects.json,JSON,70,2,19,ea7a1c3567c0d80bc7c18728446ba7797e63c755,Yohan Kwon,2026-04-23,13:10:57,-07:00,2026-04-23T13:10:57-07:00
lib/projects.json,JSON,71,2,62,ea7a1c3567c0d80bc7c18728446ba7797e63c755,Yohan Kwon,2026-04-23,13:10:57,-07:00,2026-04-23T13:10:57-07:00
lib/projects.json,JSON,72,2,223,ea7a1c3567c0d80bc7c18728446ba7797e63c755,Yohan Kwon,2026-04-23,13:10:57,-07:00,2026-04-23T13:10:57-07:00
lib/projects.json,JSON,73,1,3,ea7a1c3567c0d80bc7c18728446ba7797e63c755,Yohan Kwon,2026-04-23,13:10:57,-07:00,2026-04-23T13:10:57-07:00
lib/projects.json,JSON,74,0,1,ea7a1c3567c0d80bc7c18728446ba7797e63c755,Yohan Kwon,2026-04-23,13:10:57,-07:00,2026-04-23T13:10:57-07:00
projects/index.html,HTML,1,0,15,81f0841e82cc4e4f12c640cb3eb8acc077068341,Yohan Kwon,2026-04-03,11:20:57,-07:00,2026-04-03T11:20:57-07:00
projects/index.html,HTML,2,0,16,81f0841e82cc4e4f12c640cb3eb8acc077068341,Yohan Kwon,2026-04-03,11:20:57,-07:00,2026-04-03T11:20:57-07:00
projects/index.html,HTML,3,0,6,81f0841e82cc4e4f12c640cb3eb8acc077068341,Yohan Kwon,2026-04-03,11:20:57,-07:00,2026-04-03T11:20:57-07:00
projects/index.html,HTML,4,2,26,81f0841e82cc4e4f12c640cb3eb8acc077068341,Yohan Kwon,2026-04-03,11:20:57,-07:00,2026-04-03T11:20:57-07:00
projects/index.html,HTML,5,2,74,81f0841e82cc4e4f12c640cb3eb8acc077068341,Yohan Kwon,2026-04-03,11:20:57,-07:00,2026-04-03T11:20:57-07:00
projects/index.html,HTML,6,2,40,81f0841e82cc4e4f12c640cb3eb8acc077068341,Yohan Kwon,2026-04-03,11:20:57,-07:00,2026-04-03T11:20:57-07:00
projects/index.html,HTML,7,2,47,81f0841e82cc4e4f12c640cb3eb8acc077068341,Yohan Kwon,2026-04-03,11:20:57,-07:00,2026-04-03T11:20:57-07:00
projects/index.html,HTML,8,2,54,c3c8ceaeab99c28f3b36de3a22940fc48ec7debb,Yohan Kwon,2026-04-17,15:57:01,-07:00,2026-04-17T15:57:01-07:00
projects/index.html,HTML,9,2,53,ea7a1c3567c0d80bc7c18728446ba7797e63c755,Yohan Kwon,2026-04-23,13:10:57,-07:00,2026-04-23T13:10:57-07:00
projects/index.html,HTML,10,0,7,81f0841e82cc4e4f12c640cb3eb8acc077068341,Yohan Kwon,2026-04-03,11:20:57,-07:00,2026-04-03T11:20:57-07:00
projects/index.html,HTML,11,0,6,81f0841e82cc4e4f12c640cb3eb8acc077068341,Yohan Kwon,2026-04-03,11:20:57,-07:00,2026-04-03T11:20:57-07:00
projects/index.html,HTML,12,2,44,ea7a1c3567c0d80bc7c18728446ba7797e63c755,Yohan Kwon,2026-04-23,13:10:57,-07:00,2026-04-23T13:10:57-07:00
projects/index.html,HTML,13,0,0,f9176ec9163ed6153fbb5d7bcb7d7320cc7da649,Yohan Kwon,2026-05-01,16:14:35,-07:00,2026-05-01T16:14:35-07:00
projects/index.html,HTML,14,2,10,f9176ec9163ed6153fbb5d7bcb7d7320cc7da649,Yohan Kwon,2026-05-01,16:14:35,-07:00,2026-05-01T16:14:35-07:00
projects/index.html,HTML,15,4,25,f9176ec9163ed6153fbb5d7bcb7d7320cc7da649,Yohan Kwon,2026-05-01,16:14:35,-07:00,2026-05-01T16:14:35-07:00
projects/index.html,HTML,16,4,21,f9176ec9163ed6153fbb5d7bcb7d7320cc7da649,Yohan Kwon,2026-05-01,16:14:35,-07:00,2026-05-01T16:14:35-07:00
projects/index.html,HTML,17,4,36,f9176ec9163ed6153fbb5d7bcb7d7320cc7da649,Yohan Kwon,2026-05-01,16:14:35,-07:00,2026-05-01T16:14:35-07:00
projects/index.html,HTML,18,4,39,f9176ec9163ed6153fbb5d7bcb7d7320cc7da649,Yohan Kwon,2026-05-01,16:14:35,-07:00,2026-05-01T16:14:35-07:00
projects/index.html,HTML,19,2,6,f9176ec9163ed6153fbb5d7bcb7d7320cc7da649,Yohan Kwon,2026-05-01,16:14:35,-07:00,2026-05-01T16:14:35-07:00
projects/index.html,HTML,20,0,0,f9176ec9163ed6153fbb5d7bcb7d7320cc7da649,Yohan Kwon,2026-05-01,16:14:35,-07:00,2026-05-01T16:14:35-07:00
projects/index.html,HTML,21,2,27,f9176ec9163ed6153fbb5d7bcb7d7320cc7da649,Yohan Kwon,2026-05-01,16:14:35,-07:00,2026-05-01T16:14:35-07:00
projects/index.html,HTML,22,4,68,f9176ec9163ed6153fbb5d7bcb7d7320cc7da649,Yohan Kwon,2026-05-01,16:14:35,-07:00,2026-05-01T16:14:35-07:00
projects/index.html,HTML,23,4,32,f9176ec9163ed6153fbb5d7bcb7d7320cc7da649,Yohan Kwon,2026-05-01,16:14:35,-07:00,2026-05-01T16:14:35-07:00
projects/index.html,HTML,24,2,10,f9176ec9163ed6153fbb5d7bcb7d7320cc7da649,Yohan Kwon,2026-05-01,16:14:35,-07:00,2026-05-01T16:14:35-07:00
projects/index.html,HTML,25,0,0,f9176ec9163ed6153fbb5d7bcb7d7320cc7da649,Yohan Kwon,2026-05-01,16:14:35,-07:00,2026-05-01T16:14:35-07:00
projects/index.html,HTML,26,2,32,ea7a1c3567c0d80bc7c18728446ba7797e63c755,Yohan Kwon,2026-04-23,13:10:57,-07:00,2026-04-23T13:10:57-07:00
projects/index.html,HTML,27,0,7,81f0841e82cc4e4f12c640cb3eb8acc077068341,Yohan Kwon,2026-04-03,11:20:57,-07:00,2026-04-03T11:20:57-07:00
projects/index.html,HTML,28,0,7,f9176ec9163ed6153fbb5d7bcb7d7320cc7da649,Yohan Kwon,2026-05-01,16:14:35,-07:00,2026-05-01T16:14:35-07:00
projects/projects.js,JS,1,0,57,ea7a1c3567c0d80bc7c18728446ba7797e63c755,Yohan Kwon,2026-04-23,13:10:57,-07:00,2026-04-23T13:10:57-07:00
projects/projects.js,JS,2,0,65,f9176ec9163ed6153fbb5d7bcb7d7320cc7da649,Yohan Kwon,2026-05-01,16:14:35,-07:00,2026-05-01T16:14:35-07:00
projects/projects.js,JS,3,0,0,ea7a1c3567c0d80bc7c18728446ba7797e63c755,Yohan Kwon,2026-04-23,13:10:57,-07:00,2026-04-23T13:10:57-07:00
projects/projects.js,JS,4,0,25,f9176ec9163ed6153fbb5d7bcb7d7320cc7da649,Yohan Kwon,2026-05-01,16:14:35,-07:00,2026-05-01T16:14:35-07:00
projects/projects.js,JS,5,0,57,ea7a1c3567c0d80bc7c18728446ba7797e63c755,Yohan Kwon,2026-04-23,13:10:57,-07:00,2026-04-23T13:10:57-07:00
projects/projects.js,JS,6,0,62,ea7a1c3567c0d80bc7c18728446ba7797e63c755,Yohan Kwon,2026-04-23,13:10:57,-07:00,2026-04-23T13:10:57-07:00
projects/projects.js,JS,7,0,0,ea7a1c3567c0d80bc7c18728446ba7797e63c755,Yohan Kwon,2026-04-23,13:10:57,-07:00,2026-04-23T13:10:57-07:00
projects/projects.js,JS,8,0,28,f9176ec9163ed6153fbb5d7bcb7d7320cc7da649,Yohan Kwon,2026-05-01,16:14:35,-07:00,2026-05-01T16:14:35-07:00
projects/projects.js,JS,9,0,64,ea7a1c3567c0d80bc7c18728446ba7797e63c755,Yohan Kwon,2026-04-23,13:10:57,-07:00,2026-04-23T13:10:57-07:00
projects/projects.js,JS,10,0,20,ea7a1c3567c0d80bc7c18728446ba7797e63c755,Yohan Kwon,2026-04-23,13:10:57,-07:00,2026-04-23T13:10:57-07:00
projects/projects.js,JS,11,1,60,f9176ec9163ed6153fbb5d7bcb7d7320cc7da649,Yohan Kwon,2026-05-01,16:14:35,-07:00,2026-05-01T16:14:35-07:00
projects/projects.js,JS,12,0,1,ea7a1c3567c0d80bc7c18728446ba7797e63c755,Yohan Kwon,2026-04-23,13:10:57,-07:00,2026-04-23T13:10:57-07:00
projects/projects.js,JS,13,0,0,f9176ec9163ed6153fbb5d7bcb7d7320cc7da649,Yohan Kwon,2026-05-01,16:14:35,-07:00,2026-05-01T16:14:35-07:00
projects/projects.js,JS,14,0,19,f9176ec9163ed6153fbb5d7bcb7d7320cc7da649,Yohan Kwon,2026-05-01,16:14:35,-07:00,2026-05-01T16:14:35-07:00
projects/projects.js,JS,15,0,59,f9176ec9163ed6153fbb5d7bcb7d7320cc7da649,Yohan Kwon,2026-05-01,16:14:35,-07:00,2026-05-01T16:14:35-07:00
projects/projects.js,JS,16,0,49,f9176ec9163ed6153fbb5d7bcb7d7320cc7da649,Yohan Kwon,2026-05-01,16:14:35,-07:00,2026-05-01T16:14:35-07:00
projects/projects.js,JS,17,0,0,f9176ec9163ed6153fbb5d7bcb7d7320cc7da649,Yohan Kwon,2026-05-01,16:14:35,-07:00,2026-05-01T16:14:35-07:00
projects/projects.js,JS,18,0,78,f9176ec9163ed6153fbb5d7bcb7d7320cc7da649,Yohan Kwon,2026-05-01,16:14:35,-07:00,2026-05-01T16:14:35-07:00
projects/projects.js,JS,19,0,75,f9176ec9163ed6153fbb5d7bcb7d7320cc7da649,Yohan Kwon,2026-05-01,16:14:35,-07:00,2026-05-01T16:14:35-07:00
projects/projects.js,JS,20,0,72,f9176ec9163ed6153fbb5d7bcb7d7320cc7da649,Yohan Kwon,2026-05-01,16:14:35,-07:00,2026-05-01T16:14:35-07:00
projects/projects.js,JS,21,0,59,f9176ec9163ed6153fbb5d7bcb7d7320cc7da649,Yohan Kwon,2026-05-01,16:14:35,-07:00,2026-05-01T16:14:35-07:00
projects/projects.js,JS,22,0,15,f9176ec9163ed6153fbb5d7bcb7d7320cc7da649,Yohan Kwon,2026-05-01,16:14:35,-07:00,2026-05-01T16:14:35-07:00
projects/projects.js,JS,23,0,24,f9176ec9163ed6153fbb5d7bcb7d7320cc7da649,Yohan Kwon,2026-05-01,16:14:35,-07:00,2026-05-01T16:14:35-07:00
projects/projects.js,JS,24,0,0,f9176ec9163ed6153fbb5d7bcb7d7320cc7da649,Yohan Kwon,2026-05-01,16:14:35,-07:00,2026-05-01T16:14:35-07:00
projects/projects.js,JS,25,0,78,f9176ec9163ed6153fbb5d7bcb7d7320cc7da649,Yohan Kwon,2026-05-01,16:14:35,-07:00,2026-05-01T16:14:35-07:00
projects/projects.js,JS,26,0,40,f9176ec9163ed6153fbb5d7bcb7d7320cc7da649,Yohan Kwon,2026-05-01,16:14:35,-07:00,2026-05-01T16:14:35-07:00
projects/projects.js,JS,27,1,29,f9176ec9163ed6153fbb5d7bcb7d7320cc7da649,Yohan Kwon,2026-05-01,16:14:35,-07:00,2026-05-01T16:14:35-07:00
projects/projects.js,JS,28,1,30,f9176ec9163ed6153fbb5d7bcb7d7320cc7da649,Yohan Kwon,2026-05-01,16:14:35,-07:00,2026-05-01T16:14:35-07:00
projects/projects.js,JS,29,2,18,f9176ec9163ed6153fbb5d7bcb7d7320cc7da649,Yohan Kwon,2026-05-01,16:14:35,-07:00,2026-05-01T16:14:35-07:00
projects/projects.js,JS,30,2,20,f9176ec9163ed6153fbb5d7bcb7d7320cc7da649,Yohan Kwon,2026-05-01,16:14:35,-07:00,2026-05-01T16:14:35-07:00
projects/projects.js,JS,31,2,18,f9176ec9163ed6153fbb5d7bcb7d7320cc7da649,Yohan Kwon,2026-05-01,16:14:35,-07:00,2026-05-01T16:14:35-07:00
projects/projects.js,JS,32,1,4,f9176ec9163ed6153fbb5d7bcb7d7320cc7da649,Yohan Kwon,2026-05-01,16:14:35,-07:00,2026-05-01T16:14:35-07:00
projects/projects.js,JS,33,0,0,f9176ec9163ed6153fbb5d7bcb7d7320cc7da649,Yohan Kwon,2026-05-01,16:14:35,-07:00,2026-05-01T16:14:35-07:00
projects/projects.js,JS,34,1,49,f9176ec9163ed6153fbb5d7bcb7d7320cc7da649,Yohan Kwon,2026-05-01,16:14:35,-07:00,2026-05-01T16:14:35-07:00
projects/projects.js,JS,35,2,17,f9176ec9163ed6153fbb5d7bcb7d7320cc7da649,Yohan Kwon,2026-05-01,16:14:35,-07:00,2026-05-01T16:14:35-07:00
projects/projects.js,JS,36,2,16,f9176ec9163ed6153fbb5d7bcb7d7320cc7da649,Yohan Kwon,2026-05-01,16:14:35,-07:00,2026-05-01T16:14:35-07:00
projects/projects.js,JS,37,1,6,f9176ec9163ed6153fbb5d7bcb7d7320cc7da649,Yohan Kwon,2026-05-01,16:14:35,-07:00,2026-05-01T16:14:35-07:00
projects/projects.js,JS,38,0,0,f9176ec9163ed6153fbb5d7bcb7d7320cc7da649,Yohan Kwon,2026-05-01,16:14:35,-07:00,2026-05-01T16:14:35-07:00
projects/projects.js,JS,39,1,66,f9176ec9163ed6153fbb5d7bcb7d7320cc7da649,Yohan Kwon,2026-05-01,16:14:35,-07:00,2026-05-01T16:14:35-07:00
projects/projects.js,JS,40,1,34,f9176ec9163ed6153fbb5d7bcb7d7320cc7da649,Yohan Kwon,2026-05-01,16:14:35,-07:00,2026-05-01T16:14:35-07:00
projects/projects.js,JS,41,2,69,f9176ec9163ed6153fbb5d7bcb7d7320cc7da649,Yohan Kwon,2026-05-01,16:14:35,-07:00,2026-05-01T16:14:35-07:00
projects/projects.js,JS,42,2,9,f9176ec9163ed6153fbb5d7bcb7d7320cc7da649,Yohan Kwon,2026-05-01,16:14:35,-07:00,2026-05-01T16:14:35-07:00
projects/projects.js,JS,43,0,0,f9176ec9163ed6153fbb5d7bcb7d7320cc7da649,Yohan Kwon,2026-05-01,16:14:35,-07:00,2026-05-01T16:14:35-07:00
projects/projects.js,JS,44,1,23,f9176ec9163ed6153fbb5d7bcb7d7320cc7da649,Yohan Kwon,2026-05-01,16:14:35,-07:00,2026-05-01T16:14:35-07:00
projects/projects.js,JS,45,1,54,f9176ec9163ed6153fbb5d7bcb7d7320cc7da649,Yohan Kwon,2026-05-01,16:14:35,-07:00,2026-05-01T16:14:35-07:00
projects/projects.js,JS,46,1,37,f9176ec9163ed6153fbb5d7bcb7d7320cc7da649,Yohan Kwon,2026-05-01,16:14:35,-07:00,2026-05-01T16:14:35-07:00
projects/projects.js,JS,47,1,49,f9176ec9163ed6153fbb5d7bcb7d7320cc7da649,Yohan Kwon,2026-05-01,16:14:35,-07:00,2026-05-01T16:14:35-07:00
projects/projects.js,JS,48,0,0,f9176ec9163ed6153fbb5d7bcb7d7320cc7da649,Yohan Kwon,2026-05-01,16:14:35,-07:00,2026-05-01T16:14:35-07:00
projects/projects.js,JS,49,1,25,f9176ec9163ed6153fbb5d7bcb7d7320cc7da649,Yohan Kwon,2026-05-01,16:14:35,-07:00,2026-05-01T16:14:35-07:00
projects/projects.js,JS,50,1,44,f9176ec9163ed6153fbb5d7bcb7d7320cc7da649,Yohan Kwon,2026-05-01,16:14:35,-07:00,2026-05-01T16:14:35-07:00
projects/projects.js,JS,51,1,33,f9176ec9163ed6153fbb5d7bcb7d7320cc7da649,Yohan Kwon,2026-05-01,16:14:35,-07:00,2026-05-01T16:14:35-07:00
projects/projects.js,JS,52,0,0,f9176ec9163ed6153fbb5d7bcb7d7320cc7da649,Yohan Kwon,2026-05-01,16:14:35,-07:00,2026-05-01T16:14:35-07:00
projects/projects.js,JS,53,1,36,f9176ec9163ed6153fbb5d7bcb7d7320cc7da649,Yohan Kwon,2026-05-01,16:14:35,-07:00,2026-05-01T16:14:35-07:00
projects/projects.js,JS,54,1,34,f9176ec9163ed6153fbb5d7bcb7d7320cc7da649,Yohan Kwon,2026-05-01,16:14:35,-07:00,2026-05-01T16:14:35-07:00
projects/projects.js,JS,55,0,0,f9176ec9163ed6153fbb5d7bcb7d7320cc7da649,Yohan Kwon,2026-05-01,16:14:35,-07:00,2026-05-01T16:14:35-07:00
projects/projects.js,JS,56,1,16,f9176ec9163ed6153fbb5d7bcb7d7320cc7da649,Yohan Kwon,2026-05-01,16:14:35,-07:00,2026-05-01T16:14:35-07:00
projects/projects.js,JS,57,1,28,f9176ec9163ed6153fbb5d7bcb7d7320cc7da649,Yohan Kwon,2026-05-01,16:14:35,-07:00,2026-05-01T16:14:35-07:00
projects/projects.js,JS,58,2,7,f9176ec9163ed6153fbb5d7bcb7d7320cc7da649,Yohan Kwon,2026-05-01,16:14:35,-07:00,2026-05-01T16:14:35-07:00
projects/projects.js,JS,59,3,21,f9176ec9163ed6153fbb5d7bcb7d7320cc7da649,Yohan Kwon,2026-05-01,16:14:35,-07:00,2026-05-01T16:14:35-07:00
projects/projects.js,JS,60,3,21,f9176ec9163ed6153fbb5d7bcb7d7320cc7da649,Yohan Kwon,2026-05-01,16:14:35,-07:00,2026-05-01T16:14:35-07:00
projects/projects.js,JS,61,3,30,f9176ec9163ed6153fbb5d7bcb7d7320cc7da649,Yohan Kwon,2026-05-01,16:14:35,-07:00,2026-05-01T16:14:35-07:00
projects/projects.js,JS,62,3,59,f9176ec9163ed6153fbb5d7bcb7d7320cc7da649,Yohan Kwon,2026-05-01,16:14:35,-07:00,2026-05-01T16:14:35-07:00
projects/projects.js,JS,63,3,26,f9176ec9163ed6153fbb5d7bcb7d7320cc7da649,Yohan Kwon,2026-05-01,16:14:35,-07:00,2026-05-01T16:14:35-07:00
projects/projects.js,JS,64,4,80,f9176ec9163ed6153fbb5d7bcb7d7320cc7da649,Yohan Kwon,2026-05-01,16:14:35,-07:00,2026-05-01T16:14:35-07:00
projects/projects.js,JS,65,4,22,f9176ec9163ed6153fbb5d7bcb7d7320cc7da649,Yohan Kwon,2026-05-01,16:14:35,-07:00,2026-05-01T16:14:35-07:00
projects/projects.js,JS,66,5,80,f9176ec9163ed6153fbb5d7bcb7d7320cc7da649,Yohan Kwon,2026-05-01,16:14:35,-07:00,2026-05-01T16:14:35-07:00
projects/projects.js,JS,67,4,17,f9176ec9163ed6153fbb5d7bcb7d7320cc7da649,Yohan Kwon,2026-05-01,16:14:35,-07:00,2026-05-01T16:14:35-07:00
projects/projects.js,JS,68,3,9,f9176ec9163ed6153fbb5d7bcb7d7320cc7da649,Yohan Kwon,2026-05-01,16:14:35,-07:00,2026-05-01T16:14:35-07:00
projects/projects.js,JS,69,1,5,f9176ec9163ed6153fbb5d7bcb7d7320cc7da649,Yohan Kwon,2026-05-01,16:14:35,-07:00,2026-05-01T16:14:35-07:00
projects/projects.js,JS,70,0,0,f9176ec9163ed6153fbb5d7bcb7d7320cc7da649,Yohan Kwon,2026-05-01,16:14:35,-07:00,2026-05-01T16:14:35-07:00
projects/projects.js,JS,71,1,22,f9176ec9163ed6153fbb5d7bcb7d7320cc7da649,Yohan Kwon,2026-05-01,16:14:35,-07:00,2026-05-01T16:14:35-07:00
projects/projects.js,JS,72,1,28,f9176ec9163ed6153fbb5d7bcb7d7320cc7da649,Yohan Kwon,2026-05-01,16:14:35,-07:00,2026-05-01T16:14:35-07:00
projects/projects.js,JS,73,2,10,f9176ec9163ed6153fbb5d7bcb7d7320cc7da649,Yohan Kwon,2026-05-01,16:14:35,-07:00,2026-05-01T16:14:35-07:00
projects/projects.js,JS,74,3,19,f9176ec9163ed6153fbb5d7bcb7d7320cc7da649,Yohan Kwon,2026-05-01,16:14:35,-07:00,2026-05-01T16:14:35-07:00
projects/projects.js,JS,75,3,84,f9176ec9163ed6153fbb5d7bcb7d7320cc7da649,Yohan Kwon,2026-05-01,16:14:35,-07:00,2026-05-01T16:14:35-07:00
projects/projects.js,JS,76,3,46,f9176ec9163ed6153fbb5d7bcb7d7320cc7da649,Yohan Kwon,2026-05-01,16:14:35,-07:00,2026-05-01T16:14:35-07:00
projects/projects.js,JS,77,3,77,f9176ec9163ed6153fbb5d7bcb7d7320cc7da649,Yohan Kwon,2026-05-01,16:14:35,-07:00,2026-05-01T16:14:35-07:00
projects/projects.js,JS,78,1,5,f9176ec9163ed6153fbb5d7bcb7d7320cc7da649,Yohan Kwon,2026-05-01,16:14:35,-07:00,2026-05-01T16:14:35-07:00
projects/projects.js,JS,79,0,1,f9176ec9163ed6153fbb5d7bcb7d7320cc7da649,Yohan Kwon,2026-05-01,16:14:35,-07:00,2026-05-01T16:14:35-07:00
projects/projects.js,JS,80,0,0,f9176ec9163ed6153fbb5d7bcb7d7320cc7da649,Yohan Kwon,2026-05-01,16:14:35,-07:00,2026-05-01T16:14:35-07:00
projects/projects.js,JS,81,0,78,f9176ec9163ed6153fbb5d7bcb7d7320cc7da649,Yohan Kwon,2026-05-01,16:14:35,-07:00,2026-05-01T16:14:35-07:00
projects/projects.js,JS,82,0,73,f9176ec9163ed6153fbb5d7bcb7d7320cc7da649,Yohan Kwon,2026-05-01,16:14:35,-07:00,2026-05-01T16:14:35-07:00
projects/projects.js,JS,83,0,72,f9176ec9163ed6153fbb5d7bcb7d7320cc7da649,Yohan Kwon,2026-05-01,16:14:35,-07:00,2026-05-01T16:14:35-07:00
projects/projects.js,JS,84,0,71,f9176ec9163ed6153fbb5d7bcb7d7320cc7da649,Yohan Kwon,2026-05-01,16:14:35,-07:00,2026-05-01T16:14:35-07:00
projects/projects.js,JS,85,0,43,f9176ec9163ed6153fbb5d7bcb7d7320cc7da649,Yohan Kwon,2026-05-01,16:14:35,-07:00,2026-05-01T16:14:35-07:00
projects/projects.js,JS,86,0,19,f9176ec9163ed6153fbb5d7bcb7d7320cc7da649,Yohan Kwon,2026-05-01,16:14:35,-07:00,2026-05-01T16:14:35-07:00
projects/projects.js,JS,87,1,56,f9176ec9163ed6153fbb5d7bcb7d7320cc7da649,Yohan Kwon,2026-05-01,16:14:35,-07:00,2026-05-01T16:14:35-07:00
projects/projects.js,JS,88,1,52,f9176ec9163ed6153fbb5d7bcb7d7320cc7da649,Yohan Kwon,2026-05-01,16:14:35,-07:00,2026-05-01T16:14:35-07:00
projects/projects.js,JS,89,2,65,f9176ec9163ed6153fbb5d7bcb7d7320cc7da649,Yohan Kwon,2026-05-01,16:14:35,-07:00,2026-05-01T16:14:35-07:00
projects/projects.js,JS,90,2,48,f9176ec9163ed6153fbb5d7bcb7d7320cc7da649,Yohan Kwon,2026-05-01,16:14:35,-07:00,2026-05-01T16:14:35-07:00
projects/projects.js,JS,91,1,5,f9176ec9163ed6153fbb5d7bcb7d7320cc7da649,Yohan Kwon,2026-05-01,16:14:35,-07:00,2026-05-01T16:14:35-07:00
projects/projects.js,JS,92,0,0,f9176ec9163ed6153fbb5d7bcb7d7320cc7da649,Yohan Kwon,2026-05-01,16:14:35,-07:00,2026-05-01T16:14:35-07:00
projects/projects.js,JS,93,1,77,f9176ec9163ed6153fbb5d7bcb7d7320cc7da649,Yohan Kwon,2026-05-01,16:14:35,-07:00,2026-05-01T16:14:35-07:00
projects/projects.js,JS,94,1,32,f9176ec9163ed6153fbb5d7bcb7d7320cc7da649,Yohan Kwon,2026-05-01,16:14:35,-07:00,2026-05-01T16:14:35-07:00
projects/projects.js,JS,95,0,0,f9176ec9163ed6153fbb5d7bcb7d7320cc7da649,Yohan Kwon,2026-05-01,16:14:35,-07:00,2026-05-01T16:14:35-07:00
projects/projects.js,JS,96,1,71,f9176ec9163ed6153fbb5d7bcb7d7320cc7da649,Yohan Kwon,2026-05-01,16:14:35,-07:00,2026-05-01T16:14:35-07:00
projects/projects.js,JS,97,1,30,f9176ec9163ed6153fbb5d7bcb7d7320cc7da649,Yohan Kwon,2026-05-01,16:14:35,-07:00,2026-05-01T16:14:35-07:00
projects/projects.js,JS,98,1,21,f9176ec9163ed6153fbb5d7bcb7d7320cc7da649,Yohan Kwon,2026-05-01,16:14:35,-07:00,2026-05-01T16:14:35-07:00
projects/projects.js,JS,99,2,69,f9176ec9163ed6153fbb5d7bcb7d7320cc7da649,Yohan Kwon,2026-05-01,16:14:35,-07:00,2026-05-01T16:14:35-07:00
projects/projects.js,JS,100,1,3,f9176ec9163ed6153fbb5d7bcb7d7320cc7da649,Yohan Kwon,2026-05-01,16:14:35,-07:00,2026-05-01T16:14:35-07:00
projects/projects.js,JS,101,0,0,f9176ec9163ed6153fbb5d7bcb7d7320cc7da649,Yohan Kwon,2026-05-01,16:14:35,-07:00,2026-05-01T16:14:35-07:00
projects/projects.js,JS,102,1,28,f9176ec9163ed6153fbb5d7bcb7d7320cc7da649,Yohan Kwon,2026-05-01,16:14:35,-07:00,2026-05-01T16:14:35-07:00
projects/projects.js,JS,103,1,51,f9176ec9163ed6153fbb5d7bcb7d7320cc7da649,Yohan Kwon,2026-05-01,16:14:35,-07:00,2026-05-01T16:14:35-07:00
projects/projects.js,JS,104,0,1,f9176ec9163ed6153fbb5d7bcb7d7320cc7da649,Yohan Kwon,2026-05-01,16:14:35,-07:00,2026-05-01T16:14:35-07:00
projects/projects.js,JS,105,0,0,f9176ec9163ed6153fbb5d7bcb7d7320cc7da649,Yohan Kwon,2026-05-01,16:14:35,-07:00,2026-05-01T16:14:35-07:00
projects/projects.js,JS,106,0,78,f9176ec9163ed6153fbb5d7bcb7d7320cc7da649,Yohan Kwon,2026-05-01,16:14:35,-07:00,2026-05-01T16:14:35-07:00
projects/projects.js,JS,107,0,9,f9176ec9163ed6153fbb5d7bcb7d7320cc7da649,Yohan Kwon,2026-05-01,16:14:35,-07:00,2026-05-01T16:14:35-07:00
projects/projects.js,JS,108,0,0,f9176ec9163ed6153fbb5d7bcb7d7320cc7da649,Yohan Kwon,2026-05-01,16:14:35,-07:00,2026-05-01T16:14:35-07:00
projects/projects.js,JS,109,0,78,f9176ec9163ed6153fbb5d7bcb7d7320cc7da649,Yohan Kwon,2026-05-01,16:14:35,-07:00,2026-05-01T16:14:35-07:00
projects/projects.js,JS,110,0,55,f9176ec9163ed6153fbb5d7bcb7d7320cc7da649,Yohan Kwon,2026-05-01,16:14:35,-07:00,2026-05-01T16:14:35-07:00
projects/projects.js,JS,111,0,50,f9176ec9163ed6153fbb5d7bcb7d7320cc7da649,Yohan Kwon,2026-05-01,16:14:35,-07:00,2026-05-01T16:14:35-07:00
projects/projects.js,JS,112,1,29,f9176ec9163ed6153fbb5d7bcb7d7320cc7da649,Yohan Kwon,2026-05-01,16:14:35,-07:00,2026-05-01T16:14:35-07:00
projects/projects.js,JS,113,1,11,f9176ec9163ed6153fbb5d7bcb7d7320cc7da649,Yohan Kwon,2026-05-01,16:14:35,-07:00,2026-05-01T16:14:35-07:00
projects/projects.js,JS,114,0,3,f9176ec9163ed6153fbb5d7bcb7d7320cc7da649,Yohan Kwon,2026-05-01,16:14:35,-07:00,2026-05-01T16:14:35-07:00
resume/index.html,HTML,1,0,15,b147f87f1a562e6e9dbe59d755b3375ab93ed156,Yohan Kwon,2026-04-03,15:13:02,-07:00,2026-04-03T15:13:02-07:00
resume/index.html,HTML,2,0,16,b147f87f1a562e6e9dbe59d755b3375ab93ed156,Yohan Kwon,2026-04-03,15:13:02,-07:00,2026-04-03T15:13:02-07:00
resume/index.html,HTML,3,0,6,b147f87f1a562e6e9dbe59d755b3375ab93ed156,Yohan Kwon,2026-04-03,15:13:02,-07:00,2026-04-03T15:13:02-07:00
resume/index.html,HTML,4,2,26,b147f87f1a562e6e9dbe59d755b3375ab93ed156,Yohan Kwon,2026-04-03,15:13:02,-07:00,2026-04-03T15:13:02-07:00
resume/index.html,HTML,5,2,74,b147f87f1a562e6e9dbe59d755b3375ab93ed156,Yohan Kwon,2026-04-03,15:13:02,-07:00,2026-04-03T15:13:02-07:00
resume/index.html,HTML,6,2,38,c54c2d806bf18186c6b1c447a5fca227d5423b5c,Yohan Kwon,2026-04-03,15:25:43,-07:00,2026-04-03T15:25:43-07:00
resume/index.html,HTML,7,2,47,b147f87f1a562e6e9dbe59d755b3375ab93ed156,Yohan Kwon,2026-04-03,15:13:02,-07:00,2026-04-03T15:13:02-07:00
resume/index.html,HTML,8,2,54,c3c8ceaeab99c28f3b36de3a22940fc48ec7debb,Yohan Kwon,2026-04-17,15:57:01,-07:00,2026-04-17T15:57:01-07:00
resume/index.html,HTML,9,2,11,c54c2d806bf18186c6b1c447a5fca227d5423b5c,Yohan Kwon,2026-04-03,15:25:43,-07:00,2026-04-03T15:25:43-07:00
resume/index.html,HTML,10,2,52,c8498be01f3fae2dce0bbec3f9f33d7faf118529,Yohan Kwon,2026-04-23,13:53:56,-07:00,2026-04-23T13:53:56-07:00
resume/index.html,HTML,11,2,21,c8498be01f3fae2dce0bbec3f9f33d7faf118529,Yohan Kwon,2026-04-23,13:53:56,-07:00,2026-04-23T13:53:56-07:00
resume/index.html,HTML,12,4,24,8b0bfb9354fd22f5f63e079097fdf936891281e3,Yohan Kwon,2026-04-07,20:38:05,-07:00,2026-04-07T20:38:05-07:00
resume/index.html,HTML,13,4,23,8b0bfb9354fd22f5f63e079097fdf936891281e3,Yohan Kwon,2026-04-07,20:38:05,-07:00,2026-04-07T20:38:05-07:00
resume/index.html,HTML,14,2,5,8b0bfb9354fd22f5f63e079097fdf936891281e3,Yohan Kwon,2026-04-07,20:38:05,-07:00,2026-04-07T20:38:05-07:00
resume/index.html,HTML,15,0,0,8b0bfb9354fd22f5f63e079097fdf936891281e3,Yohan Kwon,2026-04-07,20:38:05,-07:00,2026-04-07T20:38:05-07:00
resume/index.html,HTML,16,2,33,8b0bfb9354fd22f5f63e079097fdf936891281e3,Yohan Kwon,2026-04-07,20:38:05,-07:00,2026-04-07T20:38:05-07:00
resume/index.html,HTML,17,2,20,8b0bfb9354fd22f5f63e079097fdf936891281e3,Yohan Kwon,2026-04-07,20:38:05,-07:00,2026-04-07T20:38:05-07:00
resume/index.html,HTML,18,4,27,1437553e9f385ea01277577151a59bcbf7f34b2e,Yohan Kwon,2026-04-03,15:26:31,-07:00,2026-04-03T15:26:31-07:00
resume/index.html,HTML,19,4,29,8b0bfb9354fd22f5f63e079097fdf936891281e3,Yohan Kwon,2026-04-07,20:38:05,-07:00,2026-04-07T20:38:05-07:00
resume/index.html,HTML,20,2,5,8b0bfb9354fd22f5f63e079097fdf936891281e3,Yohan Kwon,2026-04-07,20:38:05,-07:00,2026-04-07T20:38:05-07:00
resume/index.html,HTML,21,0,0,8b0bfb9354fd22f5f63e079097fdf936891281e3,Yohan Kwon,2026-04-07,20:38:05,-07:00,2026-04-07T20:38:05-07:00
resume/index.html,HTML,22,2,23,8b0bfb9354fd22f5f63e079097fdf936891281e3,Yohan Kwon,2026-04-07,20:38:05,-07:00,2026-04-07T20:38:05-07:00
resume/index.html,HTML,23,4,29,8b0bfb9354fd22f5f63e079097fdf936891281e3,Yohan Kwon,2026-04-07,20:38:05,-07:00,2026-04-07T20:38:05-07:00
resume/index.html,HTML,24,2,5,8b0bfb9354fd22f5f63e079097fdf936891281e3,Yohan Kwon,2026-04-07,20:38:05,-07:00,2026-04-07T20:38:05-07:00
resume/index.html,HTML,25,0,0,8b0bfb9354fd22f5f63e079097fdf936891281e3,Yohan Kwon,2026-04-07,20:38:05,-07:00,2026-04-07T20:38:05-07:00
resume/index.html,HTML,26,2,22,8b0bfb9354fd22f5f63e079097fdf936891281e3,Yohan Kwon,2026-04-07,20:38:05,-07:00,2026-04-07T20:38:05-07:00
resume/index.html,HTML,27,4,31,8b0bfb9354fd22f5f63e079097fdf936891281e3,Yohan Kwon,2026-04-07,20:38:05,-07:00,2026-04-07T20:38:05-07:00
resume/index.html,HTML,28,4,18,8b0bfb9354fd22f5f63e079097fdf936891281e3,Yohan Kwon,2026-04-07,20:38:05,-07:00,2026-04-07T20:38:05-07:00
resume/index.html,HTML,29,2,5,1437553e9f385ea01277577151a59bcbf7f34b2e,Yohan Kwon,2026-04-03,15:26:31,-07:00,2026-04-03T15:26:31-07:00
resume/index.html,HTML,30,0,0,8b0bfb9354fd22f5f63e079097fdf936891281e3,Yohan Kwon,2026-04-07,20:38:05,-07:00,2026-04-07T20:38:05-07:00
resume/index.html,HTML,31,2,26,8b0bfb9354fd22f5f63e079097fdf936891281e3,Yohan Kwon,2026-04-07,20:38:05,-07:00,2026-04-07T20:38:05-07:00
resume/index.html,HTML,32,2,13,8b0bfb9354fd22f5f63e079097fdf936891281e3,Yohan Kwon,2026-04-07,20:38:05,-07:00,2026-04-07T20:38:05-07:00
resume/index.html,HTML,33,4,29,8b0bfb9354fd22f5f63e079097fdf936891281e3,Yohan Kwon,2026-04-07,20:38:05,-07:00,2026-04-07T20:38:05-07:00
resume/index.html,HTML,34,2,5,8b0bfb9354fd22f5f63e079097fdf936891281e3,Yohan Kwon,2026-04-07,20:38:05,-07:00,2026-04-07T20:38:05-07:00
resume/index.html,HTML,35,0,0,8b0bfb9354fd22f5f63e079097fdf936891281e3,Yohan Kwon,2026-04-07,20:38:05,-07:00,2026-04-07T20:38:05-07:00
resume/index.html,HTML,36,2,16,8b0bfb9354fd22f5f63e079097fdf936891281e3,Yohan Kwon,2026-04-07,20:38:05,-07:00,2026-04-07T20:38:05-07:00
resume/index.html,HTML,37,4,23,8b0bfb9354fd22f5f63e079097fdf936891281e3,Yohan Kwon,2026-04-07,20:38:05,-07:00,2026-04-07T20:38:05-07:00
resume/index.html,HTML,38,4,34,8b0bfb9354fd22f5f63e079097fdf936891281e3,Yohan Kwon,2026-04-07,20:38:05,-07:00,2026-04-07T20:38:05-07:00
resume/index.html,HTML,39,4,30,8b0bfb9354fd22f5f63e079097fdf936891281e3,Yohan Kwon,2026-04-07,20:38:05,-07:00,2026-04-07T20:38:05-07:00
resume/index.html,HTML,40,4,35,8b0bfb9354fd22f5f63e079097fdf936891281e3,Yohan Kwon,2026-04-07,20:38:05,-07:00,2026-04-07T20:38:05-07:00
resume/index.html,HTML,41,4,51,8b0bfb9354fd22f5f63e079097fdf936891281e3,Yohan Kwon,2026-04-07,20:38:05,-07:00,2026-04-07T20:38:05-07:00
resume/index.html,HTML,42,4,31,8b0bfb9354fd22f5f63e079097fdf936891281e3,Yohan Kwon,2026-04-07,20:38:05,-07:00,2026-04-07T20:38:05-07:00
resume/index.html,HTML,43,4,30,8b0bfb9354fd22f5f63e079097fdf936891281e3,Yohan Kwon,2026-04-07,20:38:05,-07:00,2026-04-07T20:38:05-07:00
resume/index.html,HTML,44,2,5,8b0bfb9354fd22f5f63e079097fdf936891281e3,Yohan Kwon,2026-04-07,20:38:05,-07:00,2026-04-07T20:38:05-07:00
resume/index.html,HTML,45,0,0,8b0bfb9354fd22f5f63e079097fdf936891281e3,Yohan Kwon,2026-04-07,20:38:05,-07:00,2026-04-07T20:38:05-07:00
resume/index.html,HTML,46,2,28,8b0bfb9354fd22f5f63e079097fdf936891281e3,Yohan Kwon,2026-04-07,20:38:05,-07:00,2026-04-07T20:38:05-07:00
resume/index.html,HTML,47,2,13,8b0bfb9354fd22f5f63e079097fdf936891281e3,Yohan Kwon,2026-04-07,20:38:05,-07:00,2026-04-07T20:38:05-07:00
resume/index.html,HTML,48,4,27,8b0bfb9354fd22f5f63e079097fdf936891281e3,Yohan Kwon,2026-04-07,20:38:05,-07:00,2026-04-07T20:38:05-07:00
resume/index.html,HTML,49,2,5,8b0bfb9354fd22f5f63e079097fdf936891281e3,Yohan Kwon,2026-04-07,20:38:05,-07:00,2026-04-07T20:38:05-07:00
resume/index.html,HTML,50,0,0,8b0bfb9354fd22f5f63e079097fdf936891281e3,Yohan Kwon,2026-04-07,20:38:05,-07:00,2026-04-07T20:38:05-07:00
resume/index.html,HTML,51,2,16,8b0bfb9354fd22f5f63e079097fdf936891281e3,Yohan Kwon,2026-04-07,20:38:05,-07:00,2026-04-07T20:38:05-07:00
resume/index.html,HTML,52,4,28,8b0bfb9354fd22f5f63e079097fdf936891281e3,Yohan Kwon,2026-04-07,20:38:05,-07:00,2026-04-07T20:38:05-07:00
resume/index.html,HTML,53,4,23,8b0bfb9354fd22f5f63e079097fdf936891281e3,Yohan Kwon,2026-04-07,20:38:05,-07:00,2026-04-07T20:38:05-07:00
resume/index.html,HTML,54,2,5,8b0bfb9354fd22f5f63e079097fdf936891281e3,Yohan Kwon,2026-04-07,20:38:05,-07:00,2026-04-07T20:38:05-07:00
resume/index.html,HTML,55,0,0,8b0bfb9354fd22f5f63e079097fdf936891281e3,Yohan Kwon,2026-04-07,20:38:05,-07:00,2026-04-07T20:38:05-07:00
resume/index.html,HTML,56,2,15,8b0bfb9354fd22f5f63e079097fdf936891281e3,Yohan Kwon,2026-04-07,20:38:05,-07:00,2026-04-07T20:38:05-07:00
resume/index.html,HTML,57,4,29,8b0bfb9354fd22f5f63e079097fdf936891281e3,Yohan Kwon,2026-04-07,20:38:05,-07:00,2026-04-07T20:38:05-07:00
resume/index.html,HTML,58,4,31,8b0bfb9354fd22f5f63e079097fdf936891281e3,Yohan Kwon,2026-04-07,20:38:05,-07:00,2026-04-07T20:38:05-07:00
resume/index.html,HTML,59,4,25,8b0bfb9354fd22f5f63e079097fdf936891281e3,Yohan Kwon,2026-04-07,20:38:05,-07:00,2026-04-07T20:38:05-07:00
resume/index.html,HTML,60,2,5,8b0bfb9354fd22f5f63e079097fdf936891281e3,Yohan Kwon,2026-04-07,20:38:05,-07:00,2026-04-07T20:38:05-07:00
resume/index.html,HTML,61,0,0,8b0bfb9354fd22f5f63e079097fdf936891281e3,Yohan Kwon,2026-04-07,20:38:05,-07:00,2026-04-07T20:38:05-07:00
resume/index.html,HTML,62,2,22,8b0bfb9354fd22f5f63e079097fdf936891281e3,Yohan Kwon,2026-04-07,20:38:05,-07:00,2026-04-07T20:38:05-07:00
resume/index.html,HTML,63,2,8,1437553e9f385ea01277577151a59bcbf7f34b2e,Yohan Kwon,2026-04-03,15:26:31,-07:00,2026-04-03T15:26:31-07:00
resume/index.html,HTML,64,4,25,1437553e9f385ea01277577151a59bcbf7f34b2e,Yohan Kwon,2026-04-03,15:26:31,-07:00,2026-04-03T15:26:31-07:00
resume/index.html,HTML,65,4,19,1437553e9f385ea01277577151a59bcbf7f34b2e,Yohan Kwon,2026-04-03,15:26:31,-07:00,2026-04-03T15:26:31-07:00
resume/index.html,HTML,66,4,29,8b0bfb9354fd22f5f63e079097fdf936891281e3,Yohan Kwon,2026-04-07,20:38:05,-07:00,2026-04-07T20:38:05-07:00
resume/index.html,HTML,67,2,5,8b0bfb9354fd22f5f63e079097fdf936891281e3,Yohan Kwon,2026-04-07,20:38:05,-07:00,2026-04-07T20:38:05-07:00
resume/index.html,HTML,68,0,0,8b0bfb9354fd22f5f63e079097fdf936891281e3,Yohan Kwon,2026-04-07,20:38:05,-07:00,2026-04-07T20:38:05-07:00
resume/index.html,HTML,69,2,11,8b0bfb9354fd22f5f63e079097fdf936891281e3,Yohan Kwon,2026-04-07,20:38:05,-07:00,2026-04-07T20:38:05-07:00
resume/index.html,HTML,70,4,28,8b0bfb9354fd22f5f63e079097fdf936891281e3,Yohan Kwon,2026-04-07,20:38:05,-07:00,2026-04-07T20:38:05-07:00
resume/index.html,HTML,71,4,27,8b0bfb9354fd22f5f63e079097fdf936891281e3,Yohan Kwon,2026-04-07,20:38:05,-07:00,2026-04-07T20:38:05-07:00
resume/index.html,HTML,72,4,29,8b0bfb9354fd22f5f63e079097fdf936891281e3,Yohan Kwon,2026-04-07,20:38:05,-07:00,2026-04-07T20:38:05-07:00
resume/index.html,HTML,73,4,26,8b0bfb9354fd22f5f63e079097fdf936891281e3,Yohan Kwon,2026-04-07,20:38:05,-07:00,2026-04-07T20:38:05-07:00
resume/index.html,HTML,74,2,5,8b0bfb9354fd22f5f63e079097fdf936891281e3,Yohan Kwon,2026-04-07,20:38:05,-07:00,2026-04-07T20:38:05-07:00
resume/index.html,HTML,75,0,0,8b0bfb9354fd22f5f63e079097fdf936891281e3,Yohan Kwon,2026-04-07,20:38:05,-07:00,2026-04-07T20:38:05-07:00
resume/index.html,HTML,76,2,19,8b0bfb9354fd22f5f63e079097fdf936891281e3,Yohan Kwon,2026-04-07,20:38:05,-07:00,2026-04-07T20:38:05-07:00
resume/index.html,HTML,77,4,21,8b0bfb9354fd22f5f63e079097fdf936891281e3,Yohan Kwon,2026-04-07,20:38:05,-07:00,2026-04-07T20:38:05-07:00
resume/index.html,HTML,78,4,27,8b0bfb9354fd22f5f63e079097fdf936891281e3,Yohan Kwon,2026-04-07,20:38:05,-07:00,2026-04-07T20:38:05-07:00
resume/index.html,HTML,79,4,16,8b0bfb9354fd22f5f63e079097fdf936891281e3,Yohan Kwon,2026-04-07,20:38:05,-07:00,2026-04-07T20:38:05-07:00
resume/index.html,HTML,80,4,35,8b0bfb9354fd22f5f63e079097fdf936891281e3,Yohan Kwon,2026-04-07,20:38:05,-07:00,2026-04-07T20:38:05-07:00
resume/index.html,HTML,81,2,5,1437553e9f385ea01277577151a59bcbf7f34b2e,Yohan Kwon,2026-04-03,15:26:31,-07:00,2026-04-03T15:26:31-07:00
resume/index.html,HTML,82,2,12,c54c2d806bf18186c6b1c447a5fca227d5423b5c,Yohan Kwon,2026-04-03,15:25:43,-07:00,2026-04-03T15:25:43-07:00
resume/index.html,HTML,83,0,7,b147f87f1a562e6e9dbe59d755b3375ab93ed156,Yohan Kwon,2026-04-03,15:13:02,-07:00,2026-04-03T15:13:02-07:00
resume/index.html,HTML,84,0,6,b147f87f1a562e6e9dbe59d755b3375ab93ed156,Yohan Kwon,2026-04-03,15:13:02,-07:00,2026-04-03T15:13:02-07:00
resume/index.html,HTML,85,2,32,c8498be01f3fae2dce0bbec3f9f33d7faf118529,Yohan Kwon,2026-04-23,13:53:56,-07:00,2026-04-23T13:53:56-07:00
resume/index.html,HTML,86,2,31,8b0bfb9354fd22f5f63e079097fdf936891281e3,Yohan Kwon,2026-04-07,20:38:05,-07:00,2026-04-07T20:38:05-07:00
resume/index.html,HTML,87,4,27,8b0bfb9354fd22f5f63e079097fdf936891281e3,Yohan Kwon,2026-04-07,20:38:05,-07:00,2026-04-07T20:38:05-07:00
resume/index.html,HTML,88,4,11,8b0bfb9354fd22f5f63e079097fdf936891281e3,Yohan Kwon,2026-04-07,20:38:05,-07:00,2026-04-07T20:38:05-07:00
resume/index.html,HTML,89,6,76,8b0bfb9354fd22f5f63e079097fdf936891281e3,Yohan Kwon,2026-04-07,20:38:05,-07:00,2026-04-07T20:38:05-07:00
resume/index.html,HTML,90,6,28,8b0bfb9354fd22f5f63e079097fdf936891281e3,Yohan Kwon,2026-04-07,20:38:05,-07:00,2026-04-07T20:38:05-07:00
resume/index.html,HTML,91,6,90,8b0bfb9354fd22f5f63e079097fdf936891281e3,Yohan Kwon,2026-04-07,20:38:05,-07:00,2026-04-07T20:38:05-07:00
resume/index.html,HTML,92,4,12,8b0bfb9354fd22f5f63e079097fdf936891281e3,Yohan Kwon,2026-04-07,20:38:05,-07:00,2026-04-07T20:38:05-07:00
resume/index.html,HTML,93,2,10,8b0bfb9354fd22f5f63e079097fdf936891281e3,Yohan Kwon,2026-04-07,20:38:05,-07:00,2026-04-07T20:38:05-07:00
resume/index.html,HTML,94,0,0,b147f87f1a562e6e9dbe59d755b3375ab93ed156,Yohan Kwon,2026-04-03,15:13:02,-07:00,2026-04-03T15:13:02-07:00
resume/index.html,HTML,95,2,13,b147f87f1a562e6e9dbe59d755b3375ab93ed156,Yohan Kwon,2026-04-03,15:13:02,-07:00,2026-04-03T15:13:02-07:00
resume/index.html,HTML,96,4,24,b147f87f1a562e6e9dbe59d755b3375ab93ed156,Yohan Kwon,2026-04-03,15:13:02,-07:00,2026-04-03T15:13:02-07:00
resume/index.html,HTML,97,4,281,b147f87f1a562e6e9dbe59d755b3375ab93ed156,Yohan Kwon,2026-04-03,15:13:02,-07:00,2026-04-03T15:13:02-07:00
resume/index.html,HTML,98,2,14,b147f87f1a562e6e9dbe59d755b3375ab93ed156,Yohan Kwon,2026-04-03,15:13:02,-07:00,2026-04-03T15:13:02-07:00
resume/index.html,HTML,99,0,0,b147f87f1a562e6e9dbe59d755b3375ab93ed156,Yohan Kwon,2026-04-03,15:13:02,-07:00,2026-04-03T15:13:02-07:00
resume/index.html,HTML,100,2,13,b147f87f1a562e6e9dbe59d755b3375ab93ed156,Yohan Kwon,2026-04-03,15:13:02,-07:00,2026-04-03T15:13:02-07:00
resume/index.html,HTML,101,4,26,b147f87f1a562e6e9dbe59d755b3375ab93ed156,Yohan Kwon,2026-04-03,15:13:02,-07:00,2026-04-03T15:13:02-07:00
resume/index.html,HTML,102,4,17,b147f87f1a562e6e9dbe59d755b3375ab93ed156,Yohan Kwon,2026-04-03,15:13:02,-07:00,2026-04-03T15:13:02-07:00
resume/index.html,HTML,103,6,55,b147f87f1a562e6e9dbe59d755b3375ab93ed156,Yohan Kwon,2026-04-03,15:13:02,-07:00,2026-04-03T15:13:02-07:00
resume/index.html,HTML,104,6,104,b147f87f1a562e6e9dbe59d755b3375ab93ed156,Yohan Kwon,2026-04-03,15:13:02,-07:00,2026-04-03T15:13:02-07:00
resume/index.html,HTML,105,6,28,2ca706b52f0b7b3fb28cb6539ec18eca9599ceba,Yohan Kwon,2026-04-03,15:24:54,-07:00,2026-04-03T15:24:54-07:00
resume/index.html,HTML,106,4,18,b147f87f1a562e6e9dbe59d755b3375ab93ed156,Yohan Kwon,2026-04-03,15:13:02,-07:00,2026-04-03T15:13:02-07:00
resume/index.html,HTML,107,2,14,b147f87f1a562e6e9dbe59d755b3375ab93ed156,Yohan Kwon,2026-04-03,15:13:02,-07:00,2026-04-03T15:13:02-07:00
resume/index.html,HTML,108,0,0,b147f87f1a562e6e9dbe59d755b3375ab93ed156,Yohan Kwon,2026-04-03,15:13:02,-07:00,2026-04-03T15:13:02-07:00
resume/index.html,HTML,109,2,13,b147f87f1a562e6e9dbe59d755b3375ab93ed156,Yohan Kwon,2026-04-03,15:13:02,-07:00,2026-04-03T15:13:02-07:00
resume/index.html,HTML,110,4,27,b147f87f1a562e6e9dbe59d755b3375ab93ed156,Yohan Kwon,2026-04-03,15:13:02,-07:00,2026-04-03T15:13:02-07:00
resume/index.html,HTML,111,0,0,b147f87f1a562e6e9dbe59d755b3375ab93ed156,Yohan Kwon,2026-04-03,15:13:02,-07:00,2026-04-03T15:13:02-07:00
resume/index.html,HTML,112,4,17,b147f87f1a562e6e9dbe59d755b3375ab93ed156,Yohan Kwon,2026-04-03,15:13:02,-07:00,2026-04-03T15:13:02-07:00
resume/index.html,HTML,113,6,65,b147f87f1a562e6e9dbe59d755b3375ab93ed156,Yohan Kwon,2026-04-03,15:13:02,-07:00,2026-04-03T15:13:02-07:00
resume/index.html,HTML,114,6,91,b147f87f1a562e6e9dbe59d755b3375ab93ed156,Yohan Kwon,2026-04-03,15:13:02,-07:00,2026-04-03T15:13:02-07:00
resume/index.html,HTML,115,6,16,b147f87f1a562e6e9dbe59d755b3375ab93ed156,Yohan Kwon,2026-04-03,15:13:02,-07:00,2026-04-03T15:13:02-07:00
resume/index.html,HTML,116,8,187,b147f87f1a562e6e9dbe59d755b3375ab93ed156,Yohan Kwon,2026-04-03,15:13:02,-07:00,2026-04-03T15:13:02-07:00
resume/index.html,HTML,117,8,105,b147f87f1a562e6e9dbe59d755b3375ab93ed156,Yohan Kwon,2026-04-03,15:13:02,-07:00,2026-04-03T15:13:02-07:00
resume/index.html,HTML,118,8,143,b147f87f1a562e6e9dbe59d755b3375ab93ed156,Yohan Kwon,2026-04-03,15:13:02,-07:00,2026-04-03T15:13:02-07:00
resume/index.html,HTML,119,6,17,b147f87f1a562e6e9dbe59d755b3375ab93ed156,Yohan Kwon,2026-04-03,15:13:02,-07:00,2026-04-03T15:13:02-07:00
resume/index.html,HTML,120,4,18,b147f87f1a562e6e9dbe59d755b3375ab93ed156,Yohan Kwon,2026-04-03,15:13:02,-07:00,2026-04-03T15:13:02-07:00
resume/index.html,HTML,121,0,0,b147f87f1a562e6e9dbe59d755b3375ab93ed156,Yohan Kwon,2026-04-03,15:13:02,-07:00,2026-04-03T15:13:02-07:00
resume/index.html,HTML,122,4,17,b147f87f1a562e6e9dbe59d755b3375ab93ed156,Yohan Kwon,2026-04-03,15:13:02,-07:00,2026-04-03T15:13:02-07:00
resume/index.html,HTML,123,6,59,b147f87f1a562e6e9dbe59d755b3375ab93ed156,Yohan Kwon,2026-04-03,15:13:02,-07:00,2026-04-03T15:13:02-07:00
resume/index.html,HTML,124,6,142,b147f87f1a562e6e9dbe59d755b3375ab93ed156,Yohan Kwon,2026-04-03,15:13:02,-07:00,2026-04-03T15:13:02-07:00
resume/index.html,HTML,125,6,16,b147f87f1a562e6e9dbe59d755b3375ab93ed156,Yohan Kwon,2026-04-03,15:13:02,-07:00,2026-04-03T15:13:02-07:00
resume/index.html,HTML,126,8,126,b147f87f1a562e6e9dbe59d755b3375ab93ed156,Yohan Kwon,2026-04-03,15:13:02,-07:00,2026-04-03T15:13:02-07:00
resume/index.html,HTML,127,8,107,b147f87f1a562e6e9dbe59d755b3375ab93ed156,Yohan Kwon,2026-04-03,15:13:02,-07:00,2026-04-03T15:13:02-07:00
resume/index.html,HTML,128,8,109,b147f87f1a562e6e9dbe59d755b3375ab93ed156,Yohan Kwon,2026-04-03,15:13:02,-07:00,2026-04-03T15:13:02-07:00
resume/index.html,HTML,129,6,17,b147f87f1a562e6e9dbe59d755b3375ab93ed156,Yohan Kwon,2026-04-03,15:13:02,-07:00,2026-04-03T15:13:02-07:00
resume/index.html,HTML,130,4,18,b147f87f1a562e6e9dbe59d755b3375ab93ed156,Yohan Kwon,2026-04-03,15:13:02,-07:00,2026-04-03T15:13:02-07:00
resume/index.html,HTML,131,0,0,b147f87f1a562e6e9dbe59d755b3375ab93ed156,Yohan Kwon,2026-04-03,15:13:02,-07:00,2026-04-03T15:13:02-07:00
resume/index.html,HTML,132,4,17,b147f87f1a562e6e9dbe59d755b3375ab93ed156,Yohan Kwon,2026-04-03,15:13:02,-07:00,2026-04-03T15:13:02-07:00
resume/index.html,HTML,133,6,68,b147f87f1a562e6e9dbe59d755b3375ab93ed156,Yohan Kwon,2026-04-03,15:13:02,-07:00,2026-04-03T15:13:02-07:00
resume/index.html,HTML,134,6,141,b147f87f1a562e6e9dbe59d755b3375ab93ed156,Yohan Kwon,2026-04-03,15:13:02,-07:00,2026-04-03T15:13:02-07:00
resume/index.html,HTML,135,6,16,b147f87f1a562e6e9dbe59d755b3375ab93ed156,Yohan Kwon,2026-04-03,15:13:02,-07:00,2026-04-03T15:13:02-07:00
resume/index.html,HTML,136,8,135,b147f87f1a562e6e9dbe59d755b3375ab93ed156,Yohan Kwon,2026-04-03,15:13:02,-07:00,2026-04-03T15:13:02-07:00
resume/index.html,HTML,137,8,104,b147f87f1a562e6e9dbe59d755b3375ab93ed156,Yohan Kwon,2026-04-03,15:13:02,-07:00,2026-04-03T15:13:02-07:00
resume/index.html,HTML,138,8,93,b147f87f1a562e6e9dbe59d755b3375ab93ed156,Yohan Kwon,2026-04-03,15:13:02,-07:00,2026-04-03T15:13:02-07:00
resume/index.html,HTML,139,6,17,b147f87f1a562e6e9dbe59d755b3375ab93ed156,Yohan Kwon,2026-04-03,15:13:02,-07:00,2026-04-03T15:13:02-07:00
resume/index.html,HTML,140,4,18,b147f87f1a562e6e9dbe59d755b3375ab93ed156,Yohan Kwon,2026-04-03,15:13:02,-07:00,2026-04-03T15:13:02-07:00
resume/index.html,HTML,141,0,0,b147f87f1a562e6e9dbe59d755b3375ab93ed156,Yohan Kwon,2026-04-03,15:13:02,-07:00,2026-04-03T15:13:02-07:00
resume/index.html,HTML,142,4,17,b147f87f1a562e6e9dbe59d755b3375ab93ed156,Yohan Kwon,2026-04-03,15:13:02,-07:00,2026-04-03T15:13:02-07:00
resume/index.html,HTML,143,6,56,b147f87f1a562e6e9dbe59d755b3375ab93ed156,Yohan Kwon,2026-04-03,15:13:02,-07:00,2026-04-03T15:13:02-07:00
resume/index.html,HTML,144,6,97,b147f87f1a562e6e9dbe59d755b3375ab93ed156,Yohan Kwon,2026-04-03,15:13:02,-07:00,2026-04-03T15:13:02-07:00
resume/index.html,HTML,145,6,16,b147f87f1a562e6e9dbe59d755b3375ab93ed156,Yohan Kwon,2026-04-03,15:13:02,-07:00,2026-04-03T15:13:02-07:00
resume/index.html,HTML,146,8,98,b147f87f1a562e6e9dbe59d755b3375ab93ed156,Yohan Kwon,2026-04-03,15:13:02,-07:00,2026-04-03T15:13:02-07:00
resume/index.html,HTML,147,8,103,b147f87f1a562e6e9dbe59d755b3375ab93ed156,Yohan Kwon,2026-04-03,15:13:02,-07:00,2026-04-03T15:13:02-07:00
resume/index.html,HTML,148,6,17,b147f87f1a562e6e9dbe59d755b3375ab93ed156,Yohan Kwon,2026-04-03,15:13:02,-07:00,2026-04-03T15:13:02-07:00
resume/index.html,HTML,149,4,18,b147f87f1a562e6e9dbe59d755b3375ab93ed156,Yohan Kwon,2026-04-03,15:13:02,-07:00,2026-04-03T15:13:02-07:00
resume/index.html,HTML,150,2,14,b147f87f1a562e6e9dbe59d755b3375ab93ed156,Yohan Kwon,2026-04-03,15:13:02,-07:00,2026-04-03T15:13:02-07:00
resume/index.html,HTML,151,0,0,b147f87f1a562e6e9dbe59d755b3375ab93ed156,Yohan Kwon,2026-04-03,15:13:02,-07:00,2026-04-03T15:13:02-07:00
resume/index.html,HTML,152,2,13,b147f87f1a562e6e9dbe59d755b3375ab93ed156,Yohan Kwon,2026-04-03,15:13:02,-07:00,2026-04-03T15:13:02-07:00
resume/index.html,HTML,153,4,36,b147f87f1a562e6e9dbe59d755b3375ab93ed156,Yohan Kwon,2026-04-03,15:13:02,-07:00,2026-04-03T15:13:02-07:00
resume/index.html,HTML,154,4,12,b147f87f1a562e6e9dbe59d755b3375ab93ed156,Yohan Kwon,2026-04-03,15:13:02,-07:00,2026-04-03T15:13:02-07:00
resume/index.html,HTML,155,6,97,b147f87f1a562e6e9dbe59d755b3375ab93ed156,Yohan Kwon,2026-04-03,15:13:02,-07:00,2026-04-03T15:13:02-07:00
resume/index.html,HTML,156,6,75,b147f87f1a562e6e9dbe59d755b3375ab93ed156,Yohan Kwon,2026-04-03,15:13:02,-07:00,2026-04-03T15:13:02-07:00
resume/index.html,HTML,157,6,57,b147f87f1a562e6e9dbe59d755b3375ab93ed156,Yohan Kwon,2026-04-03,15:13:02,-07:00,2026-04-03T15:13:02-07:00
resume/index.html,HTML,158,6,49,b147f87f1a562e6e9dbe59d755b3375ab93ed156,Yohan Kwon,2026-04-03,15:13:02,-07:00,2026-04-03T15:13:02-07:00
resume/index.html,HTML,159,4,13,b147f87f1a562e6e9dbe59d755b3375ab93ed156,Yohan Kwon,2026-04-03,15:13:02,-07:00,2026-04-03T15:13:02-07:00
resume/index.html,HTML,160,2,14,b147f87f1a562e6e9dbe59d755b3375ab93ed156,Yohan Kwon,2026-04-03,15:13:02,-07:00,2026-04-03T15:13:02-07:00
resume/index.html,HTML,161,2,38,c8498be01f3fae2dce0bbec3f9f33d7faf118529,Yohan Kwon,2026-04-23,13:53:56,-07:00,2026-04-23T13:53:56-07:00
resume/index.html,HTML,162,0,0,b147f87f1a562e6e9dbe59d755b3375ab93ed156,Yohan Kwon,2026-04-03,15:13:02,-07:00,2026-04-03T15:13:02-07:00
resume/index.html,HTML,163,0,7,b147f87f1a562e6e9dbe59d755b3375ab93ed156,Yohan Kwon,2026-04-03,15:13:02,-07:00,2026-04-03T15:13:02-07:00
resume/index.html,HTML,164,0,7,b147f87f1a562e6e9dbe59d755b3375ab93ed156,Yohan Kwon,2026-04-03,15:13:02,-07:00,2026-04-03T15:13:02-07:00
style.css,CSS,1,0,7,d1a2042a7f56d98a7a375b81dc74adbe23266d09,Yohan Kwon,2026-04-07,19:31:50,-07:00,2026-04-07T19:31:50-07:00
style.css,CSS,2,1,35,d1a2042a7f56d98a7a375b81dc74adbe23266d09,Yohan Kwon,2026-04-07,19:31:50,-07:00,2026-04-07T19:31:50-07:00
style.css,CSS,3,0,1,d1a2042a7f56d98a7a375b81dc74adbe23266d09,Yohan Kwon,2026-04-07,19:31:50,-07:00,2026-04-07T19:31:50-07:00
style.css,CSS,4,0,0,d1a2042a7f56d98a7a375b81dc74adbe23266d09,Yohan Kwon,2026-04-07,19:31:50,-07:00,2026-04-07T19:31:50-07:00
style.css,CSS,5,0,6,d1a2042a7f56d98a7a375b81dc74adbe23266d09,Yohan Kwon,2026-04-07,19:31:50,-07:00,2026-04-07T19:31:50-07:00
style.css,CSS,6,1,36,d1a2042a7f56d98a7a375b81dc74adbe23266d09,Yohan Kwon,2026-04-07,19:31:50,-07:00,2026-04-07T19:31:50-07:00
style.css,CSS,7,1,27,b3de14aa1b37d72bc26b363bba2ad687cefcfda4,Yohan Kwon,2026-04-17,16:19:08,-07:00,2026-04-17T16:19:08-07:00
style.css,CSS,8,0,1,d1a2042a7f56d98a7a375b81dc74adbe23266d09,Yohan Kwon,2026-04-07,19:31:50,-07:00,2026-04-07T19:31:50-07:00
style.css,CSS,9,0,0,d1a2042a7f56d98a7a375b81dc74adbe23266d09,Yohan Kwon,2026-04-07,19:31:50,-07:00,2026-04-07T19:31:50-07:00
style.css,CSS,10,0,6,9b0d1201e4e846ed066d7d0e9eb00089fefeb332,Yohan Kwon,2026-04-03,11:15:03,-07:00,2026-04-03T11:15:03-07:00
style.css,CSS,11,1,47,9b0d1201e4e846ed066d7d0e9eb00089fefeb332,Yohan Kwon,2026-04-03,11:15:03,-07:00,2026-04-03T11:15:03-07:00
style.css,CSS,12,0,48,9b0d1201e4e846ed066d7d0e9eb00089fefeb332,Yohan Kwon,2026-04-03,11:15:03,-07:00,2026-04-03T11:15:03-07:00
style.css,CSS,13,0,4,9b0d1201e4e846ed066d7d0e9eb00089fefeb332,Yohan Kwon,2026-04-03,11:15:03,-07:00,2026-04-03T11:15:03-07:00
style.css,CSS,14,1,27,9b0d1201e4e846ed066d7d0e9eb00089fefeb332,Yohan Kwon,2026-04-03,11:15:03,-07:00,2026-04-03T11:15:03-07:00
style.css,CSS,15,1,21,ca9d0a001d627495f43ee1ec9a920e7219f1b44f,Yohan Kwon,2026-04-17,16:22:55,-07:00,2026-04-17T16:22:55-07:00
style.css,CSS,16,1,18,c8498be01f3fae2dce0bbec3f9f33d7faf118529,Yohan Kwon,2026-04-23,13:53:56,-07:00,2026-04-23T13:53:56-07:00
style.css,CSS,17,1,17,22a4470c2ee865b7730dfa2753b3d6f7b3271e7f,Yohan Kwon,2026-04-23,14:09:06,-07:00,2026-04-23T14:09:06-07:00
style.css,CSS,18,1,17,c8498be01f3fae2dce0bbec3f9f33d7faf118529,Yohan Kwon,2026-04-23,13:53:56,-07:00,2026-04-23T13:53:56-07:00
style.css,CSS,19,0,1,d1a2042a7f56d98a7a375b81dc74adbe23266d09,Yohan Kwon,2026-04-07,19:31:50,-07:00,2026-04-07T19:31:50-07:00
style.css,CSS,20,0,0,d1a2042a7f56d98a7a375b81dc74adbe23266d09,Yohan Kwon,2026-04-07,19:31:50,-07:00,2026-04-07T19:31:50-07:00
style.css,CSS,21,0,5,d1a2042a7f56d98a7a375b81dc74adbe23266d09,Yohan Kwon,2026-04-07,19:31:50,-07:00,2026-04-07T19:31:50-07:00
style.css,CSS,22,1,16,d1a2042a7f56d98a7a375b81dc74adbe23266d09,Yohan Kwon,2026-04-07,19:31:50,-07:00,2026-04-07T19:31:50-07:00
style.css,CSS,23,1,21,af17cc490eb3bd19a5c6b872aadbf541767ac159,Yohan Kwon,2026-04-23,14:19:52,-07:00,2026-04-23T14:19:52-07:00
style.css,CSS,24,1,26,af17cc490eb3bd19a5c6b872aadbf541767ac159,Yohan Kwon,2026-04-23,14:19:52,-07:00,2026-04-23T14:19:52-07:00
style.css,CSS,25,1,23,af17cc490eb3bd19a5c6b872aadbf541767ac159,Yohan Kwon,2026-04-23,14:19:52,-07:00,2026-04-23T14:19:52-07:00
style.css,CSS,26,1,21,d1a2042a7f56d98a7a375b81dc74adbe23266d09,Yohan Kwon,2026-04-07,19:31:50,-07:00,2026-04-07T19:31:50-07:00
style.css,CSS,27,1,43,b3de14aa1b37d72bc26b363bba2ad687cefcfda4,Yohan Kwon,2026-04-17,16:19:08,-07:00,2026-04-17T16:19:08-07:00
style.css,CSS,28,1,47,b3de14aa1b37d72bc26b363bba2ad687cefcfda4,Yohan Kwon,2026-04-17,16:19:08,-07:00,2026-04-17T16:19:08-07:00
style.css,CSS,29,0,1,d1a2042a7f56d98a7a375b81dc74adbe23266d09,Yohan Kwon,2026-04-07,19:31:50,-07:00,2026-04-07T19:31:50-07:00
style.css,CSS,30,0,0,d1a2042a7f56d98a7a375b81dc74adbe23266d09,Yohan Kwon,2026-04-07,19:31:50,-07:00,2026-04-07T19:31:50-07:00
style.css,CSS,31,0,7,d1a2042a7f56d98a7a375b81dc74adbe23266d09,Yohan Kwon,2026-04-07,19:31:50,-07:00,2026-04-07T19:31:50-07:00
style.css,CSS,32,1,24,d1a2042a7f56d98a7a375b81dc74adbe23266d09,Yohan Kwon,2026-04-07,19:31:50,-07:00,2026-04-07T19:31:50-07:00
style.css,CSS,33,1,17,d1a2042a7f56d98a7a375b81dc74adbe23266d09,Yohan Kwon,2026-04-07,19:31:50,-07:00,2026-04-07T19:31:50-07:00
style.css,CSS,34,1,21,d1a2042a7f56d98a7a375b81dc74adbe23266d09,Yohan Kwon,2026-04-07,19:31:50,-07:00,2026-04-07T19:31:50-07:00
style.css,CSS,35,1,21,af17cc490eb3bd19a5c6b872aadbf541767ac159,Yohan Kwon,2026-04-23,14:19:52,-07:00,2026-04-23T14:19:52-07:00
style.css,CSS,36,0,1,d1a2042a7f56d98a7a375b81dc74adbe23266d09,Yohan Kwon,2026-04-07,19:31:50,-07:00,2026-04-07T19:31:50-07:00
style.css,CSS,37,0,0,d1a2042a7f56d98a7a375b81dc74adbe23266d09,Yohan Kwon,2026-04-07,19:31:50,-07:00,2026-04-07T19:31:50-07:00
style.css,CSS,38,0,15,d1a2042a7f56d98a7a375b81dc74adbe23266d09,Yohan Kwon,2026-04-07,19:31:50,-07:00,2026-04-07T19:31:50-07:00
style.css,CSS,39,1,49,b3de14aa1b37d72bc26b363bba2ad687cefcfda4,Yohan Kwon,2026-04-17,16:19:08,-07:00,2026-04-17T16:19:08-07:00
style.css,CSS,40,1,24,d1a2042a7f56d98a7a375b81dc74adbe23266d09,Yohan Kwon,2026-04-07,19:31:50,-07:00,2026-04-07T19:31:50-07:00
style.css,CSS,41,0,1,d1a2042a7f56d98a7a375b81dc74adbe23266d09,Yohan Kwon,2026-04-07,19:31:50,-07:00,2026-04-07T19:31:50-07:00
style.css,CSS,42,0,0,d1a2042a7f56d98a7a375b81dc74adbe23266d09,Yohan Kwon,2026-04-07,19:31:50,-07:00,2026-04-07T19:31:50-07:00
style.css,CSS,43,0,13,d1a2042a7f56d98a7a375b81dc74adbe23266d09,Yohan Kwon,2026-04-07,19:31:50,-07:00,2026-04-07T19:31:50-07:00
style.css,CSS,44,1,49,d1a2042a7f56d98a7a375b81dc74adbe23266d09,Yohan Kwon,2026-04-07,19:31:50,-07:00,2026-04-07T19:31:50-07:00
style.css,CSS,45,1,24,d1a2042a7f56d98a7a375b81dc74adbe23266d09,Yohan Kwon,2026-04-07,19:31:50,-07:00,2026-04-07T19:31:50-07:00
style.css,CSS,46,1,73,b3de14aa1b37d72bc26b363bba2ad687cefcfda4,Yohan Kwon,2026-04-17,16:19:08,-07:00,2026-04-17T16:19:08-07:00
style.css,CSS,47,0,1,ce71b378571f60c99d78ffdbba28236ced826b2b,Yohan Kwon,2026-04-07,20:21:26,-07:00,2026-04-07T20:21:26-07:00
style.css,CSS,48,0,0,ce71b378571f60c99d78ffdbba28236ced826b2b,Yohan Kwon,2026-04-07,20:21:26,-07:00,2026-04-07T20:21:26-07:00
style.css,CSS,49,0,36,ce71b378571f60c99d78ffdbba28236ced826b2b,Yohan Kwon,2026-04-07,20:21:26,-07:00,2026-04-07T20:21:26-07:00
style.css,CSS,50,0,33,b3de14aa1b37d72bc26b363bba2ad687cefcfda4,Yohan Kwon,2026-04-17,16:19:08,-07:00,2026-04-17T16:19:08-07:00
style.css,CSS,51,1,16,ce71b378571f60c99d78ffdbba28236ced826b2b,Yohan Kwon,2026-04-07,20:21:26,-07:00,2026-04-07T20:21:26-07:00
style.css,CSS,52,0,1,ce71b378571f60c99d78ffdbba28236ced826b2b,Yohan Kwon,2026-04-07,20:21:26,-07:00,2026-04-07T20:21:26-07:00
style.css,CSS,53,0,0,ce71b378571f60c99d78ffdbba28236ced826b2b,Yohan Kwon,2026-04-07,20:21:26,-07:00,2026-04-07T20:21:26-07:00
style.css,CSS,54,0,15,b3de14aa1b37d72bc26b363bba2ad687cefcfda4,Yohan Kwon,2026-04-17,16:19:08,-07:00,2026-04-17T16:19:08-07:00
style.css,CSS,55,1,21,af17cc490eb3bd19a5c6b872aadbf541767ac159,Yohan Kwon,2026-04-23,14:19:52,-07:00,2026-04-23T14:19:52-07:00
style.css,CSS,56,1,11,af17cc490eb3bd19a5c6b872aadbf541767ac159,Yohan Kwon,2026-04-23,14:19:52,-07:00,2026-04-23T14:19:52-07:00
style.css,CSS,57,1,11,af17cc490eb3bd19a5c6b872aadbf541767ac159,Yohan Kwon,2026-04-23,14:19:52,-07:00,2026-04-23T14:19:52-07:00
style.css,CSS,58,1,30,af17cc490eb3bd19a5c6b872aadbf541767ac159,Yohan Kwon,2026-04-23,14:19:52,-07:00,2026-04-23T14:19:52-07:00
style.css,CSS,59,1,17,b3de14aa1b37d72bc26b363bba2ad687cefcfda4,Yohan Kwon,2026-04-17,16:19:08,-07:00,2026-04-17T16:19:08-07:00
style.css,CSS,60,0,1,b3de14aa1b37d72bc26b363bba2ad687cefcfda4,Yohan Kwon,2026-04-17,16:19:08,-07:00,2026-04-17T16:19:08-07:00
style.css,CSS,61,0,0,b3de14aa1b37d72bc26b363bba2ad687cefcfda4,Yohan Kwon,2026-04-17,16:19:08,-07:00,2026-04-17T16:19:08-07:00
style.css,CSS,62,0,44,ce71b378571f60c99d78ffdbba28236ced826b2b,Yohan Kwon,2026-04-07,20:21:26,-07:00,2026-04-07T20:21:26-07:00
style.css,CSS,63,0,6,ce71b378571f60c99d78ffdbba28236ced826b2b,Yohan Kwon,2026-04-07,20:21:26,-07:00,2026-04-07T20:21:26-07:00
style.css,CSS,64,1,16,ce71b378571f60c99d78ffdbba28236ced826b2b,Yohan Kwon,2026-04-07,20:21:26,-07:00,2026-04-07T20:21:26-07:00
style.css,CSS,65,1,34,ce71b378571f60c99d78ffdbba28236ced826b2b,Yohan Kwon,2026-04-07,20:21:26,-07:00,2026-04-07T20:21:26-07:00
style.css,CSS,66,1,11,ce71b378571f60c99d78ffdbba28236ced826b2b,Yohan Kwon,2026-04-07,20:21:26,-07:00,2026-04-07T20:21:26-07:00
style.css,CSS,67,0,1,ce71b378571f60c99d78ffdbba28236ced826b2b,Yohan Kwon,2026-04-07,20:21:26,-07:00,2026-04-07T20:21:26-07:00
style.css,CSS,68,0,0,ce71b378571f60c99d78ffdbba28236ced826b2b,Yohan Kwon,2026-04-07,20:21:26,-07:00,2026-04-07T20:21:26-07:00
style.css,CSS,69,0,12,ce71b378571f60c99d78ffdbba28236ced826b2b,Yohan Kwon,2026-04-07,20:21:26,-07:00,2026-04-07T20:21:26-07:00
style.css,CSS,70,1,16,ce71b378571f60c99d78ffdbba28236ced826b2b,Yohan Kwon,2026-04-07,20:21:26,-07:00,2026-04-07T20:21:26-07:00
style.css,CSS,71,1,33,ce71b378571f60c99d78ffdbba28236ced826b2b,Yohan Kwon,2026-04-07,20:21:26,-07:00,2026-04-07T20:21:26-07:00
style.css,CSS,72,1,22,ce71b378571f60c99d78ffdbba28236ced826b2b,Yohan Kwon,2026-04-07,20:21:26,-07:00,2026-04-07T20:21:26-07:00
style.css,CSS,73,0,1,ce71b378571f60c99d78ffdbba28236ced826b2b,Yohan Kwon,2026-04-07,20:21:26,-07:00,2026-04-07T20:21:26-07:00
style.css,CSS,74,0,0,ce71b378571f60c99d78ffdbba28236ced826b2b,Yohan Kwon,2026-04-07,20:21:26,-07:00,2026-04-07T20:21:26-07:00
style.css,CSS,75,0,13,ce71b378571f60c99d78ffdbba28236ced826b2b,Yohan Kwon,2026-04-07,20:21:26,-07:00,2026-04-07T20:21:26-07:00
style.css,CSS,76,1,22,ce71b378571f60c99d78ffdbba28236ced826b2b,Yohan Kwon,2026-04-07,20:21:26,-07:00,2026-04-07T20:21:26-07:00
style.css,CSS,77,0,1,8dda571a6939e72229b4cec818ac29589d190ac3,Yohan Kwon,2026-04-07,20:30:34,-07:00,2026-04-07T20:30:34-07:00
style.css,CSS,78,0,0,8dda571a6939e72229b4cec818ac29589d190ac3,Yohan Kwon,2026-04-07,20:30:34,-07:00,2026-04-07T20:30:34-07:00
style.css,CSS,79,0,35,8dda571a6939e72229b4cec818ac29589d190ac3,Yohan Kwon,2026-04-07,20:30:34,-07:00,2026-04-07T20:30:34-07:00
style.css,CSS,80,0,11,8dda571a6939e72229b4cec818ac29589d190ac3,Yohan Kwon,2026-04-07,20:30:34,-07:00,2026-04-07T20:30:34-07:00
style.css,CSS,81,1,16,8dda571a6939e72229b4cec818ac29589d190ac3,Yohan Kwon,2026-04-07,20:30:34,-07:00,2026-04-07T20:30:34-07:00
style.css,CSS,82,1,61,1e2506297ff3c9410e84913521888e10218374bb,Yohan Kwon,2026-04-23,14:31:24,-07:00,2026-04-23T14:31:24-07:00
style.css,CSS,83,1,11,8dda571a6939e72229b4cec818ac29589d190ac3,Yohan Kwon,2026-04-07,20:30:34,-07:00,2026-04-07T20:30:34-07:00
style.css,CSS,84,0,1,8dda571a6939e72229b4cec818ac29589d190ac3,Yohan Kwon,2026-04-07,20:30:34,-07:00,2026-04-07T20:30:34-07:00
style.css,CSS,85,0,0,8dda571a6939e72229b4cec818ac29589d190ac3,Yohan Kwon,2026-04-07,20:30:34,-07:00,2026-04-07T20:30:34-07:00
style.css,CSS,86,0,19,8dda571a6939e72229b4cec818ac29589d190ac3,Yohan Kwon,2026-04-07,20:30:34,-07:00,2026-04-07T20:30:34-07:00
style.css,CSS,87,1,16,8dda571a6939e72229b4cec818ac29589d190ac3,Yohan Kwon,2026-04-07,20:30:34,-07:00,2026-04-07T20:30:34-07:00
style.css,CSS,88,1,30,8dda571a6939e72229b4cec818ac29589d190ac3,Yohan Kwon,2026-04-07,20:30:34,-07:00,2026-04-07T20:30:34-07:00
style.css,CSS,89,1,19,8dda571a6939e72229b4cec818ac29589d190ac3,Yohan Kwon,2026-04-07,20:30:34,-07:00,2026-04-07T20:30:34-07:00
style.css,CSS,90,0,1,8dda571a6939e72229b4cec818ac29589d190ac3,Yohan Kwon,2026-04-07,20:30:34,-07:00,2026-04-07T20:30:34-07:00
style.css,CSS,91,0,0,8dda571a6939e72229b4cec818ac29589d190ac3,Yohan Kwon,2026-04-07,20:30:34,-07:00,2026-04-07T20:30:34-07:00
style.css,CSS,92,0,22,8dda571a6939e72229b4cec818ac29589d190ac3,Yohan Kwon,2026-04-07,20:30:34,-07:00,2026-04-07T20:30:34-07:00
style.css,CSS,93,1,12,8dda571a6939e72229b4cec818ac29589d190ac3,Yohan Kwon,2026-04-07,20:30:34,-07:00,2026-04-07T20:30:34-07:00
style.css,CSS,94,0,1,8dda571a6939e72229b4cec818ac29589d190ac3,Yohan Kwon,2026-04-07,20:30:34,-07:00,2026-04-07T20:30:34-07:00
style.css,CSS,95,0,0,8dda571a6939e72229b4cec818ac29589d190ac3,Yohan Kwon,2026-04-07,20:30:34,-07:00,2026-04-07T20:30:34-07:00
style.css,CSS,96,0,23,90b7d18aeaae73d5fe1c30cdce2b8c1f342f73aa,Yohan Kwon,2026-04-23,13:30:34,-07:00,2026-04-23T13:30:34-07:00
style.css,CSS,97,1,18,90b7d18aeaae73d5fe1c30cdce2b8c1f342f73aa,Yohan Kwon,2026-04-23,13:30:34,-07:00,2026-04-23T13:30:34-07:00
style.css,CSS,98,1,15,90b7d18aeaae73d5fe1c30cdce2b8c1f342f73aa,Yohan Kwon,2026-04-23,13:30:34,-07:00,2026-04-23T13:30:34-07:00
style.css,CSS,99,1,17,90b7d18aeaae73d5fe1c30cdce2b8c1f342f73aa,Yohan Kwon,2026-04-23,13:30:34,-07:00,2026-04-23T13:30:34-07:00
style.css,CSS,100,0,1,90b7d18aeaae73d5fe1c30cdce2b8c1f342f73aa,Yohan Kwon,2026-04-23,13:30:34,-07:00,2026-04-23T13:30:34-07:00
style.css,CSS,101,0,0,90b7d18aeaae73d5fe1c30cdce2b8c1f342f73aa,Yohan Kwon,2026-04-23,13:30:34,-07:00,2026-04-23T13:30:34-07:00
style.css,CSS,102,0,30,8dda571a6939e72229b4cec818ac29589d190ac3,Yohan Kwon,2026-04-07,20:30:34,-07:00,2026-04-07T20:30:34-07:00
style.css,CSS,103,0,4,8dda571a6939e72229b4cec818ac29589d190ac3,Yohan Kwon,2026-04-07,20:30:34,-07:00,2026-04-07T20:30:34-07:00
style.css,CSS,104,1,18,8dda571a6939e72229b4cec818ac29589d190ac3,Yohan Kwon,2026-04-07,20:30:34,-07:00,2026-04-07T20:30:34-07:00
style.css,CSS,105,0,1,8dda571a6939e72229b4cec818ac29589d190ac3,Yohan Kwon,2026-04-07,20:30:34,-07:00,2026-04-07T20:30:34-07:00
style.css,CSS,106,0,0,8dda571a6939e72229b4cec818ac29589d190ac3,Yohan Kwon,2026-04-07,20:30:34,-07:00,2026-04-07T20:30:34-07:00
style.css,CSS,107,0,24,8dda571a6939e72229b4cec818ac29589d190ac3,Yohan Kwon,2026-04-07,20:30:34,-07:00,2026-04-07T20:30:34-07:00
style.css,CSS,108,1,19,8dda571a6939e72229b4cec818ac29589d190ac3,Yohan Kwon,2026-04-07,20:30:34,-07:00,2026-04-07T20:30:34-07:00
style.css,CSS,109,1,21,8dda571a6939e72229b4cec818ac29589d190ac3,Yohan Kwon,2026-04-07,20:30:34,-07:00,2026-04-07T20:30:34-07:00
style.css,CSS,110,0,1,f9176ec9163ed6153fbb5d7bcb7d7320cc7da649,Yohan Kwon,2026-05-01,16:14:35,-07:00,2026-05-01T16:14:35-07:00
style.css,CSS,111,0,0,f9176ec9163ed6153fbb5d7bcb7d7320cc7da649,Yohan Kwon,2026-05-01,16:14:35,-07:00,2026-05-01T16:14:35-07:00
style.css,CSS,112,0,80,f9176ec9163ed6153fbb5d7bcb7d7320cc7da649,Yohan Kwon,2026-05-01,16:14:35,-07:00,2026-05-01T16:14:35-07:00
style.css,CSS,113,0,15,f9176ec9163ed6153fbb5d7bcb7d7320cc7da649,Yohan Kwon,2026-05-01,16:14:35,-07:00,2026-05-01T16:14:35-07:00
style.css,CSS,114,1,34,f9176ec9163ed6153fbb5d7bcb7d7320cc7da649,Yohan Kwon,2026-05-01,16:14:35,-07:00,2026-05-01T16:14:35-07:00
style.css,CSS,115,1,38,f9176ec9163ed6153fbb5d7bcb7d7320cc7da649,Yohan Kwon,2026-05-01,16:14:35,-07:00,2026-05-01T16:14:35-07:00
style.css,CSS,116,1,25,f9176ec9163ed6153fbb5d7bcb7d7320cc7da649,Yohan Kwon,2026-05-01,16:14:35,-07:00,2026-05-01T16:14:35-07:00
style.css,CSS,117,1,12,f9176ec9163ed6153fbb5d7bcb7d7320cc7da649,Yohan Kwon,2026-05-01,16:14:35,-07:00,2026-05-01T16:14:35-07:00
style.css,CSS,118,1,19,f9176ec9163ed6153fbb5d7bcb7d7320cc7da649,Yohan Kwon,2026-05-01,16:14:35,-07:00,2026-05-01T16:14:35-07:00
style.css,CSS,119,0,1,f9176ec9163ed6153fbb5d7bcb7d7320cc7da649,Yohan Kwon,2026-05-01,16:14:35,-07:00,2026-05-01T16:14:35-07:00
style.css,CSS,120,0,0,f9176ec9163ed6153fbb5d7bcb7d7320cc7da649,Yohan Kwon,2026-05-01,16:14:35,-07:00,2026-05-01T16:14:35-07:00
style.css,CSS,121,0,17,f9176ec9163ed6153fbb5d7bcb7d7320cc7da649,Yohan Kwon,2026-05-01,16:14:35,-07:00,2026-05-01T16:14:35-07:00
style.css,CSS,122,1,23,f9176ec9163ed6153fbb5d7bcb7d7320cc7da649,Yohan Kwon,2026-05-01,16:14:35,-07:00,2026-05-01T16:14:35-07:00
style.css,CSS,123,0,1,f9176ec9163ed6153fbb5d7bcb7d7320cc7da649,Yohan Kwon,2026-05-01,16:14:35,-07:00,2026-05-01T16:14:35-07:00
style.css,CSS,124,0,0,f9176ec9163ed6153fbb5d7bcb7d7320cc7da649,Yohan Kwon,2026-05-01,16:14:35,-07:00,2026-05-01T16:14:35-07:00
style.css,CSS,125,0,80,f9176ec9163ed6153fbb5d7bcb7d7320cc7da649,Yohan Kwon,2026-05-01,16:14:35,-07:00,2026-05-01T16:14:35-07:00
style.css,CSS,126,0,12,f9176ec9163ed6153fbb5d7bcb7d7320cc7da649,Yohan Kwon,2026-05-01,16:14:35,-07:00,2026-05-01T16:14:35-07:00
style.css,CSS,127,1,14,f9176ec9163ed6153fbb5d7bcb7d7320cc7da649,Yohan Kwon,2026-05-01,16:14:35,-07:00,2026-05-01T16:14:35-07:00
style.css,CSS,128,1,17,f9176ec9163ed6153fbb5d7bcb7d7320cc7da649,Yohan Kwon,2026-05-01,16:14:35,-07:00,2026-05-01T16:14:35-07:00
style.css,CSS,129,1,20,f9176ec9163ed6153fbb5d7bcb7d7320cc7da649,Yohan Kwon,2026-05-01,16:14:35,-07:00,2026-05-01T16:14:35-07:00
style.css,CSS,130,1,25,f9176ec9163ed6153fbb5d7bcb7d7320cc7da649,Yohan Kwon,2026-05-01,16:14:35,-07:00,2026-05-01T16:14:35-07:00
style.css,CSS,131,1,38,f9176ec9163ed6153fbb5d7bcb7d7320cc7da649,Yohan Kwon,2026-05-01,16:14:35,-07:00,2026-05-01T16:14:35-07:00
style.css,CSS,132,1,23,f9176ec9163ed6153fbb5d7bcb7d7320cc7da649,Yohan Kwon,2026-05-01,16:14:35,-07:00,2026-05-01T16:14:35-07:00
style.css,CSS,133,0,1,f9176ec9163ed6153fbb5d7bcb7d7320cc7da649,Yohan Kwon,2026-05-01,16:14:35,-07:00,2026-05-01T16:14:35-07:00
style.css,CSS,134,0,0,f9176ec9163ed6153fbb5d7bcb7d7320cc7da649,Yohan Kwon,2026-05-01,16:14:35,-07:00,2026-05-01T16:14:35-07:00
style.css,CSS,135,0,80,f9176ec9163ed6153fbb5d7bcb7d7320cc7da649,Yohan Kwon,2026-05-01,16:14:35,-07:00,2026-05-01T16:14:35-07:00
style.css,CSS,136,0,12,f9176ec9163ed6153fbb5d7bcb7d7320cc7da649,Yohan Kwon,2026-05-01,16:14:35,-07:00,2026-05-01T16:14:35-07:00
style.css,CSS,137,1,16,f9176ec9163ed6153fbb5d7bcb7d7320cc7da649,Yohan Kwon,2026-05-01,16:14:35,-07:00,2026-05-01T16:14:35-07:00
style.css,CSS,138,1,22,f9176ec9163ed6153fbb5d7bcb7d7320cc7da649,Yohan Kwon,2026-05-01,16:14:35,-07:00,2026-05-01T16:14:35-07:00
style.css,CSS,139,1,11,f9176ec9163ed6153fbb5d7bcb7d7320cc7da649,Yohan Kwon,2026-05-01,16:14:35,-07:00,2026-05-01T16:14:35-07:00
style.css,CSS,140,1,20,f9176ec9163ed6153fbb5d7bcb7d7320cc7da649,Yohan Kwon,2026-05-01,16:14:35,-07:00,2026-05-01T16:14:35-07:00
style.css,CSS,141,0,1,f9176ec9163ed6153fbb5d7bcb7d7320cc7da649,Yohan Kwon,2026-05-01,16:14:35,-07:00,2026-05-01T16:14:35-07:00
style.css,CSS,142,0,0,f9176ec9163ed6153fbb5d7bcb7d7320cc7da649,Yohan Kwon,2026-05-01,16:14:35,-07:00,2026-05-01T16:14:35-07:00
style.css,CSS,143,0,80,f9176ec9163ed6153fbb5d7bcb7d7320cc7da649,Yohan Kwon,2026-05-01,16:14:35,-07:00,2026-05-01T16:14:35-07:00
style.css,CSS,144,0,20,f9176ec9163ed6153fbb5d7bcb7d7320cc7da649,Yohan Kwon,2026-05-01,16:14:35,-07:00,2026-05-01T16:14:35-07:00
style.css,CSS,145,1,18,f9176ec9163ed6153fbb5d7bcb7d7320cc7da649,Yohan Kwon,2026-05-01,16:14:35,-07:00,2026-05-01T16:14:35-07:00
style.css,CSS,146,1,20,f9176ec9163ed6153fbb5d7bcb7d7320cc7da649,Yohan Kwon,2026-05-01,16:14:35,-07:00,2026-05-01T16:14:35-07:00
style.css,CSS,147,1,20,f9176ec9163ed6153fbb5d7bcb7d7320cc7da649,Yohan Kwon,2026-05-01,16:14:35,-07:00,2026-05-01T16:14:35-07:00
style.css,CSS,148,1,17,f9176ec9163ed6153fbb5d7bcb7d7320cc7da649,Yohan Kwon,2026-05-01,16:14:35,-07:00,2026-05-01T16:14:35-07:00
style.css,CSS,149,0,1,f9176ec9163ed6153fbb5d7bcb7d7320cc7da649,Yohan Kwon,2026-05-01,16:14:35,-07:00,2026-05-01T16:14:35-07:00
style.css,CSS,150,0,0,f9176ec9163ed6153fbb5d7bcb7d7320cc7da649,Yohan Kwon,2026-05-01,16:14:35,-07:00,2026-05-01T16:14:35-07:00
style.css,CSS,151,0,55,f9176ec9163ed6153fbb5d7bcb7d7320cc7da649,Yohan Kwon,2026-05-01,16:14:35,-07:00,2026-05-01T16:14:35-07:00
style.css,CSS,152,0,53,f9176ec9163ed6153fbb5d7bcb7d7320cc7da649,Yohan Kwon,2026-05-01,16:14:35,-07:00,2026-05-01T16:14:35-07:00
style.css,CSS,153,1,15,f9176ec9163ed6153fbb5d7bcb7d7320cc7da649,Yohan Kwon,2026-05-01,16:14:35,-07:00,2026-05-01T16:14:35-07:00
style.css,CSS,154,0,1,f9176ec9163ed6153fbb5d7bcb7d7320cc7da649,Yohan Kwon,2026-05-01,16:14:35,-07:00,2026-05-01T16:14:35-07:00
style.css,CSS,155,0,0,f9176ec9163ed6153fbb5d7bcb7d7320cc7da649,Yohan Kwon,2026-05-01,16:14:35,-07:00,2026-05-01T16:14:35-07:00
style.css,CSS,156,0,25,f9176ec9163ed6153fbb5d7bcb7d7320cc7da649,Yohan Kwon,2026-05-01,16:14:35,-07:00,2026-05-01T16:14:35-07:00
style.css,CSS,157,1,20,f9176ec9163ed6153fbb5d7bcb7d7320cc7da649,Yohan Kwon,2026-05-01,16:14:35,-07:00,2026-05-01T16:14:35-07:00
style.css,CSS,158,1,18,f9176ec9163ed6153fbb5d7bcb7d7320cc7da649,Yohan Kwon,2026-05-01,16:14:35,-07:00,2026-05-01T16:14:35-07:00
style.css,CSS,159,0,1,f9176ec9163ed6153fbb5d7bcb7d7320cc7da649,Yohan Kwon,2026-05-01,16:14:35,-07:00,2026-05-01T16:14:35-07:00
style.css,CSS,160,0,0,f9176ec9163ed6153fbb5d7bcb7d7320cc7da649,Yohan Kwon,2026-05-01,16:14:35,-07:00,2026-05-01T16:14:35-07:00
style.css,CSS,161,0,44,f9176ec9163ed6153fbb5d7bcb7d7320cc7da649,Yohan Kwon,2026-05-01,16:14:35,-07:00,2026-05-01T16:14:35-07:00
style.css,CSS,162,0,11,f9176ec9163ed6153fbb5d7bcb7d7320cc7da649,Yohan Kwon,2026-05-01,16:14:35,-07:00,2026-05-01T16:14:35-07:00
style.css,CSS,163,1,39,f9176ec9163ed6153fbb5d7bcb7d7320cc7da649,Yohan Kwon,2026-05-01,16:14:35,-07:00,2026-05-01T16:14:35-07:00
style.css,CSS,164,0,1,f9176ec9163ed6153fbb5d7bcb7d7320cc7da649,Yohan Kwon,2026-05-01,16:14:35,-07:00,2026-05-01T16:14:35-07:00
style.css,CSS,165,0,0,f9176ec9163ed6153fbb5d7bcb7d7320cc7da649,Yohan Kwon,2026-05-01,16:14:35,-07:00,2026-05-01T16:14:35-07:00
style.css,CSS,166,0,20,f9176ec9163ed6153fbb5d7bcb7d7320cc7da649,Yohan Kwon,2026-05-01,16:14:35,-07:00,2026-05-01T16:14:35-07:00
style.css,CSS,167,1,21,f9176ec9163ed6153fbb5d7bcb7d7320cc7da649,Yohan Kwon,2026-05-01,16:14:35,-07:00,2026-05-01T16:14:35-07:00
style.css,CSS,168,0,1,f9176ec9163ed6153fbb5d7bcb7d7320cc7da649,Yohan Kwon,2026-05-01,16:14:35,-07:00,2026-05-01T16:14:35-07:00
style.css,CSS,169,0,0,f9176ec9163ed6153fbb5d7bcb7d7320cc7da649,Yohan Kwon,2026-05-01,16:14:35,-07:00,2026-05-01T16:14:35-07:00
style.css,CSS,170,0,80,f9176ec9163ed6153fbb5d7bcb7d7320cc7da649,Yohan Kwon,2026-05-01,16:14:35,-07:00,2026-05-01T16:14:35-07:00
style.css,CSS,171,0,9,f9176ec9163ed6153fbb5d7bcb7d7320cc7da649,Yohan Kwon,2026-05-01,16:14:35,-07:00,2026-05-01T16:14:35-07:00
style.css,CSS,172,1,16,f9176ec9163ed6153fbb5d7bcb7d7320cc7da649,Yohan Kwon,2026-05-01,16:14:35,-07:00,2026-05-01T16:14:35-07:00
style.css,CSS,173,1,61,f9176ec9163ed6153fbb5d7bcb7d7320cc7da649,Yohan Kwon,2026-05-01,16:14:35,-07:00,2026-05-01T16:14:35-07:00
style.css,CSS,174,1,19,f9176ec9163ed6153fbb5d7bcb7d7320cc7da649,Yohan Kwon,2026-05-01,16:14:35,-07:00,2026-05-01T16:14:35-07:00
style.css,CSS,175,1,18,f9176ec9163ed6153fbb5d7bcb7d7320cc7da649,Yohan Kwon,2026-05-01,16:14:35,-07:00,2026-05-01T16:14:35-07:00
style.css,CSS,176,1,12,f9176ec9163ed6153fbb5d7bcb7d7320cc7da649,Yohan Kwon,2026-05-01,16:14:35,-07:00,2026-05-01T16:14:35-07:00
style.css,CSS,177,1,38,f9176ec9163ed6153fbb5d7bcb7d7320cc7da649,Yohan Kwon,2026-05-01,16:14:35,-07:00,2026-05-01T16:14:35-07:00
style.css,CSS,178,1,23,f9176ec9163ed6153fbb5d7bcb7d7320cc7da649,Yohan Kwon,2026-05-01,16:14:35,-07:00,2026-05-01T16:14:35-07:00
style.css,CSS,179,1,10,f9176ec9163ed6153fbb5d7bcb7d7320cc7da649,Yohan Kwon,2026-05-01,16:14:35,-07:00,2026-05-01T16:14:35-07:00
style.css,CSS,180,1,14,f9176ec9163ed6153fbb5d7bcb7d7320cc7da649,Yohan Kwon,2026-05-01,16:14:35,-07:00,2026-05-01T16:14:35-07:00
style.css,CSS,181,1,23,f9176ec9163ed6153fbb5d7bcb7d7320cc7da649,Yohan Kwon,2026-05-01,16:14:35,-07:00,2026-05-01T16:14:35-07:00
style.css,CSS,182,0,1,f9176ec9163ed6153fbb5d7bcb7d7320cc7da649,Yohan Kwon,2026-05-01,16:14:35,-07:00,2026-05-01T16:14:35-07:00
style.css,CSS,183,0,0,f9176ec9163ed6153fbb5d7bcb7d7320cc7da649,Yohan Kwon,2026-05-01,16:14:35,-07:00,2026-05-01T16:14:35-07:00
style.css,CSS,184,0,14,f9176ec9163ed6153fbb5d7bcb7d7320cc7da649,Yohan Kwon,2026-05-01,16:14:35,-07:00,2026-05-01T16:14:35-07:00
style.css,CSS,185,1,16,f9176ec9163ed6153fbb5d7bcb7d7320cc7da649,Yohan Kwon,2026-05-01,16:14:35,-07:00,2026-05-01T16:14:35-07:00
style.css,CSS,186,1,22,f9176ec9163ed6153fbb5d7bcb7d7320cc7da649,Yohan Kwon,2026-05-01,16:14:35,-07:00,2026-05-01T16:14:35-07:00
style.css,CSS,187,1,13,f9176ec9163ed6153fbb5d7bcb7d7320cc7da649,Yohan Kwon,2026-05-01,16:14:35,-07:00,2026-05-01T16:14:35-07:00
style.css,CSS,188,0,1,f9176ec9163ed6153fbb5d7bcb7d7320cc7da649,Yohan Kwon,2026-05-01,16:14:35,-07:00,2026-05-01T16:14:35-07:00
style.css,CSS,189,0,0,f9176ec9163ed6153fbb5d7bcb7d7320cc7da649,Yohan Kwon,2026-05-01,16:14:35,-07:00,2026-05-01T16:14:35-07:00
style.css,CSS,190,0,9,f9176ec9163ed6153fbb5d7bcb7d7320cc7da649,Yohan Kwon,2026-05-01,16:14:35,-07:00,2026-05-01T16:14:35-07:00
style.css,CSS,191,1,24,f9176ec9163ed6153fbb5d7bcb7d7320cc7da649,Yohan Kwon,2026-05-01,16:14:35,-07:00,2026-05-01T16:14:35-07:00
style.css,CSS,192,1,13,f9176ec9163ed6153fbb5d7bcb7d7320cc7da649,Yohan Kwon,2026-05-01,16:14:35,-07:00,2026-05-01T16:14:35-07:00
style.css,CSS,193,1,22,f9176ec9163ed6153fbb5d7bcb7d7320cc7da649,Yohan Kwon,2026-05-01,16:14:35,-07:00,2026-05-01T16:14:35-07:00
style.css,CSS,194,1,33,f9176ec9163ed6153fbb5d7bcb7d7320cc7da649,Yohan Kwon,2026-05-01,16:14:35,-07:00,2026-05-01T16:14:35-07:00
style.css,CSS,195,1,23,f9176ec9163ed6153fbb5d7bcb7d7320cc7da649,Yohan Kwon,2026-05-01,16:14:35,-07:00,2026-05-01T16:14:35-07:00
style.css,CSS,196,1,17,f9176ec9163ed6153fbb5d7bcb7d7320cc7da649,Yohan Kwon,2026-05-01,16:14:35,-07:00,2026-05-01T16:14:35-07:00
style.css,CSS,197,0,1,9b0d1201e4e846ed066d7d0e9eb00089fefeb332,Yohan Kwon,2026-04-03,11:15:03,-07:00,2026-04-03T11:15:03-07:00
